name,meaning
커뮤니티,"이런 뜻이에요	
비슷한 관심이나 목적을 가진 사람 여럿이 모여 있는 것.

또는 그런 모임을 뜻하기도 해요.
이렇게 쓰여요	
🤔 요즘 취업 때문에 고민이 많은데, 고민을 털어놓을 데가 없어.

🤗 취업 커뮤니티를 찾아보는 건 어때? 비슷한 고민을 가진 사람들이 많아서, 도움이 되는 정보를 얻을 수 있을 거야."
고답적,"이런 뜻이에요
실제 생활보다 실제 생활과 관련 없는 것을 더 훌륭하다고 생각하는 것.

예를 들어, 물건이 얼마나 싼지 비싼지 따지는 것보다, 세상은 어떻게 생겨났는지 고민하는 것을 더 훌륭하다고 생각하는 것이지요.
이렇게 쓰여요
🤔 어떤 토론회에 다녀왔는데, 지금 유행하는 것보다는 사랑, 평화 같은 보이지 않는 가치를 중요하게 생각하자는 쪽으로 의견이 모아졌어.
😀 고답적인 의견을 가진 사람이 많았구나."
홑벌이,"이런 뜻이에요 한 가정에서 한 사람만 돈을 버는 것.
이렇게 쓰여요
😀 오랜만이다. 요즘 어떻게 지내?
😔 요즘은 가족들 건강이 좀 안 좋아져서, 우리 집에서 내가 홑벌이를 하고 있어."
사상 사고,"이런 뜻이에요 사람이 죽거나 다치게 된 사고. 
이렇게 쓰여요 😣 근처에서 기차가 고장나서 사상 사고가 일어났대.
🥺 헉! 정말 큰일이다. 어쩐지 구급차가 많이 지나다니더라고."
행락철,"이런 뜻이에요
많은 사람이 놀러 가거나 여행을 떠나는 시기.

주로 봄, 가을처럼 날씨가 좋거나 주위 풍경이 아름다워서 놀러 가기 좋은 계절을 행락철이라고 한다.
이렇게 쓰여요
😮‍💨 행락철이라 그런지 도로에 차가 엄청 많아.
😥 교통사고가 나지 않게 조심하는 게 좋겠어."
금리,"이런 뜻이에요 은행에 빌리거나 맡긴 돈에 더해지는 이자의 비율.

은행에서 은행에 돈을 맡기거나 빌린 사람에게 이자를 어느 정도 줄지 정한 것을 말해요.

이율, 이자율이라고도 불러요.

예를 들어 내가 은행에 100만 원을 맡겼는데 금리가 1퍼센트(%)*라면, 정해진 기간마다 1만 원을 받을 수 있어요.

*퍼센트(%) : 전체 양을 100으로 했을 때, 어떤 것이 100중 얼마만큼인지 나타낸 것.

✔ 함께 알면 좋은 말 : 이자, 이율
이렇게 쓰여요 😢 작년과 비슷하게 돈을 은행에 저축했는데 작년보다 돈이 늘어나지 않았어.
😮 그래? 요즘 금리가 낮은가 보다!"
이율,"이런 뜻이에요 은행에 빌리거나 맡긴 돈에 더해지는 이자의 비율.

은행에서 은행에 돈을 맡기거나 빌린 사람에게 이자를 어느 정도 줄지 정한 것을 말해요.

금리라고도 불러요.

예를 들어 내가 은행에 100만 원을 맡겼는데 이율이 1퍼센트(%)*라면, 정해진 기간마다 1만 원을 받을 수 있어요.

*퍼센트(%) : 전체 양을 100으로 했을 때, 어떤 것이 100중 얼마만큼인지 나타낸 것.

✔ 함께 알면 좋은 말 : 이자, 금리
이렇게 쓰여요 🤔 돈을 모으고 싶은데, 어떻게 해야 할까?
😃 은행에 가서 상담해 봐! 돈을 맡길 때 받을 수 있는 이율도 잘 살펴보고!"
이자,"이런 뜻이에요 돈을 빌리거나 맡기는 동안, 그 돈에 더해 받거나 내는 돈.

내가 돈을 빌렸다면, 빌린 돈 중 얼마 만큼의 돈을 정해진 날마다 나눠서 내요.

내가 돈을 맡겼다면, 맡긴 돈 중 얼마 만큼의 돈을 정해진 날마다 나눠서 받아요.

이자는 돈을 빌리거나 맡긴 기간 등에 따라 달라져요.

✔ 함께 알면 좋은 말 : 금리, 이율
이렇게 쓰여요 😃 3년 전에 은행 계좌에 돈을 넣어 뒀었는데 오늘 보니 돈이 조금 늘어나 있었어!
🤗 원래 맡긴 돈에 이자가 더해졌나 보다. 축하해!"
보수,"이런 뜻이에요 건물이나 시설의 낡은 부분을 고치는 것.
이렇게 쓰여요 😀 자주 가는 도서관이 보수 공사 중이어서 다른 도서관에 가려고 해.
🤗 그러고 보니 그 도서관이 지어진 지 벌써 20년이 넘은 것 같아!"
착불,"이런 뜻이에요  택배로 물건을 받은 다음 돈을 내는 것.

착着 : 도착하다
불拂 : 돈을 내다

✔ 함께 알면 좋은 말 : 선불
이렇게 쓰여요 😁 택배 왔습니다. 착불이라 배송비를 내 주셔야 해요.
🤗 네! 얼마인가요?"
파업,"이런 뜻이에요 하던 일을 멈추는 것.

주로 회사에서 일하는 사람들이 회사에 무언가를 요구하기 위해 일부러 하는 행동이에요.

혼자 하기보다는 여럿이서 함께 할 때가 많아요.

✔ 함께 알면 좋은 말 : 태업
이렇게 쓰여요 😢 오늘부터 버스 파업이 시작된대.
😫 그러면 다니는 버스가 줄어들 수도 있겠네? 지하철을 이용해야겠다."
태업,"이런 뜻이에요
노동자들이 일을 일부러 천천히 해서 회사나 정부에 불만을 표현하는 것.

일을 아예 하지 않는 파업과는 다르다.

✔ 함께 알면 좋은 말 : 파업
이렇게 쓰여요 ☺️ 내일은 지하철 태업이 있대!
😮 그렇구나! 평소보다 조금 더 일찍 나가야겠다."
착석,"이런 뜻이에요 자리에 앉음.

착着 : 붙다
석席 : 앉을 자리
이렇게 쓰여요
(🎞 영화관에서)
😏 잠깐 음료수 사러 나갔다 와도 되나?
🤨 안 돼. 곧 영화 시작하니까 착석해야지."
빌런,"이런 뜻이에요
나쁜 일을 하여 다른 사람에게 피해를 주는 사람.

악당이라고도 해요.

빌런은 악당을 뜻하는 영어 단어로, villain 이라고 써요.
이렇게 쓰여요
(🍿 영화를 다 보고 나서)
😮 주인공이 사실은 빌런이었다니!
😅 그러게. 착한 역할인 줄 알았는데 아니었어."
이브,"이런 뜻이에요
어떤 기념일의 전날, 전날 밤.

예를 들어, 크리스마스는 12월 25일이고, 크리스마스 이브는 12월 24일이에요. 12월 24일 밤이나, 그날 하루 전체를 ‘크리스마스 이브’라고 하지요.

이브은 영어 단어로, eve 라고 써요. 밤을 뜻하는 이브닝(evening)의 줄임말이에요.
이렇게 쓰여요
🧐 크리스마스 이브에 뭐 할 거야?
🤗 친구들이랑 같이 놀이공원에 가기로 했어. 크리스마스 이브여서 불꽃놀이를 한대!"
캐럴,"이런 뜻이에요
크리스마스를 축하하는 노래.

크리스마스를 축하하는 내용을 담은 노래는 모두 캐럴이라고 할 수 있어요.

캐럴은 영어 단어로, carol 이라고 써요.
이렇게 쓰여요
🥰 곧 크리스마스라 그런지 캐럴을 틀어둔 가게들이 많네.
🥳 그러게 말야. 너무 신나! 흰 눈 사이로~ 썰매를 타고~♬"
소정 근로 시간,"이런 뜻이에요 직원이 회사에서 얼마나 일할지 정한 시간.

직원은 회사와 몇 시에 출근하고 몇 시에 퇴근할지 약속하고, 그 시간에 맞춰 일해요.

소정 근로 시간은 주로 하루, 일주일, 한 달씩 세요. 일한 시간에 쉬는 시간은 더하지 않아요.

예를 들어, 하루 소정 근로 시간이 8시간이라면, 하루에 쉬는 시간 빼고 8시간을 일하기로 정했다는 뜻이에요.

소정所定 : 정해진 것
근로勤勞 : 일함
이렇게 쓰여요
😔 오늘은 5시간만 일하고 퇴근하고 싶어.
😇 너는 하루 소정 근로 시간이 8시간이지? 오늘은 휴가를 써서 일찍 퇴근하면 어때?"
어드벤트 캘린더,"이런 뜻이에요
12월 1일부터 크리스마스 전날(12월 24일)까지 날짜마다 선물이 들어 있는 달력.

주로 24칸으로 되어 있고, 24일 동안 하루에 한 칸씩 열어볼 수 있어요. 한 칸을 열 때마다 초콜렛, 장난감 등 선물이 나와요.

어드벤트advent : 크리스마스를 축하하는 기간
캘린더calendar : 달력
이렇게 쓰여요
🤔 조카에게 크리스마스 선물을 주고 싶은데 뭐가 좋을까?
🤗 초콜릿이 담긴 어드벤트 캘린더는 어때? 매일 한 칸씩 열어 보는 재미가 있을 것 같아!"
촉수,"이런 뜻이에요
무언가에 손을 가져다 대는 것.

촉觸 : 닿다
수手 : 손
이렇게 쓰여요
(✈️ 공항에서 비행기를 타기 전)
🤰 나는 촉수 검색을 받으러 가려고!
🤔 촉수 검색? 위험한 물건이 없는지 확인받으려면 검색대에서 검사를 받아야 하는 거 아니야?
🤰 검색대에 있는 기계에서 나오는 전자파가 배 속에 있는 아이에게 위험할 수도 있거든. 나는 임신부니까 촉수 검색을 받는 게 좋대!"
정월 대보름,"이런 뜻이에요 음력* 1월 15일.

대한민국의 명절이에요.

음력을 기준으로, 한 해의 첫 번째 보름달이 뜨는 것을 기념해요.

*음력 : 달이 변하는 모습에 따라 날짜를 세던 방법. 우리나라에서는 1896년까지 음력으로 날짜를 셌다.
이렇게 쓰여요 🤔 오늘 정월 대보름이래!
🤗 그래? 오늘 밤에는 달 보면서 소원 빌어야지!"
휴면 계정,"이런 뜻이에요 오랫동안 사용하지 않은 계정.

모바일 앱이나 사이트에서 만들어 놓은 계정을 오랫동안 사용하지 않으면, 앱이나 사이트 관리자가 그 계정을 휴면 계정으로 등록해요.

휴면休眠 : 쉬면서 활동을 하지 않음
계정計定 : 앱이나 사이트를 이용하기 위해 만드는 것
나의 아이디와 비밀번호를 입력했을 때 들어가지는 게 나의 ‘계정’이다.
이렇게 쓰여요
😮 내가 예전에 사용하던 계정이 휴면 계정이 됐대.
🤗 오랫동안 그 계정을 사용하지 않았었나보다!"
갑진년,"이런 뜻이에요
푸른 용의 해.

2024년을 부르는 말이에요.

갑甲 : 푸른색
진辰 : 용
이렇게 쓰여요
🤔 2023년은 계묘년, 검은 토끼의 해였잖아. 2024년은 무슨 해일까?
🤗 2024년은 갑진년이라서 푸른 용의 해라고 하더라!"
단차,"이런 뜻이에요
바닥의 높이가 서로 다른 모습.

길을 걸을 때, 계단을 오를 때 등 바닥의 높이가 서로 다른 곳을 보고 '단차가 있다.'라고 표현해요.
이렇게 쓰여요
(⚽️ 축구 경기 보러 가는 길)
🙂 오른쪽 길로 쭉 가면 축구장이 나온대!
😅 저번에 봤더니 그 길에 단차가 있더라. 휠체어를 타고 있으니까 경사로 같은 단차가 없는 길을 찾아봐야 할 것 같아."
정렬 거치,"이런 뜻이에요
줄지어 가지런하게 둠.

정렬整列 : 가지런한 모습
거치据置 : 그대로 둠
이렇게 쓰여요
🤔 길 이곳저곳에 자전거가 놓여 있네!
🤗 그러네~ 자전거를 한 곳에 정렬 거치하면 길이 조금 더 깨끗해지지 않을까?"
공휴일,"이런 뜻이에요
모두가 일을 쉬기로 나라에서 정한 날.

공휴公休 : 다 함께 쉬다
일日 : 날(하루)
이렇게 쓰여요 🤔 이번 주에는 공휴일이 있네~
😉 그러네. 나는 그 날 가까운 곳으로 여행을 가보려고!"
성묘,"이런 뜻이에요
돌아가신 가족의 무덤을 찾아가는 것.

주로 설날, 추석 등 명절에 하는 일이에요.

성省 : 살피다
묘墓 : 무덤
이렇게 쓰여요
😀 이번 설날에는 고향에 내려간다고 했지?
😊 응, 가족들끼리 모여서 성묘를 하기로 했어."
연단 간격,"이런 뜻이에요
열차 문 밖 바로 앞에 있는 땅과 열차 문 사이의 거리.

주로 지하철에서 자주 사용하는 말이에요.

지하철역마다 연단 간격이 달라요. 연단 간격이 좁은 곳도 있고, 넓은 곳도 있어요.
이렇게 쓰여요
🧐 이 지하철역은 연단 간격이 엄청 넓다!
🤗 지하철을 타고 내릴 때 발이나 휠체어 바퀴가 빠지지 않도록 조심해야겠네."
양생,"이런 뜻이에요 콘크리트*가 잘 굳을 수 있도록 보호하는 것.

콘크리트는 밀가루 반죽처럼 물기가 있는 상태이지만 시간이 지나면 점점 딱딱해져요. 콘크리트가 딱딱하게 잘 굳어야 건물이나 도로가 튼튼하고 안전하게 만들어지지요.

그래서 콘크리트가 굳는 동안 사람들이 만지거나 밟을 수 없게 ‘양생 중'이라고 안내 표시를 해 두는 경우가 많아요.

*콘크리트 : 건물을 짓거나 도로를 만들 때 많이 쓰는 재료.
이렇게 쓰여요 😥 얼마전에 도로 공사하는 곳을 지나가다가 신발 바닥에 콘크리트가 묻었어.
😮 밟지 말라는 안내 표시는 없었어? 아직 양생 중이던 도로를 밟았나봐!"
상춘객,"이런 뜻이에요 봄 풍경을 즐기러 나온 사람.

상賞 : 즐기다
춘春 : 봄
객客 : 손님, 사람
이렇게 쓰여요 😆 올해는 봄이 빨리 찾아 왔네!
😉 그러게. 벌써 공원에 상춘객이 가득해."
하차,"이런 뜻이에요 차에서 짐을 내리는 것.

✔ 함께 알면 좋은 말 : 상차
이렇게 쓰여요 (🏢 회사에서)
😀 잠시 1층에 내려 갔다 올게요! 팀장님이 택배 하차를 도와달라고 하셔서요.
🤔 저도 같이 내려 가서 도와드릴까요?"
상차,"이런 뜻이에요 차에 짐을 싣는 것.

✔ 함께 알면 좋은 말 : 하차
이렇게 쓰여요 🤣 휴 이제 이삿짐을 다 쌌어!
😮 상자가 엄청 많네! 상차하기 쉽지 않겠어."
락토프리,"이런 뜻이에요 유당*이 없는 제품.

우유, 요거트, 치즈 등 우유가 들어간 제품에서 유당을 뺀 것이에요. 락토프리 우유, 락토프리 요거트 등이 있어요.

*유당 : 우유 속에 들어 있는 영양소.

락토lacto : 유당
프리free : ~이 없는
이렇게 쓰여요 🤔 우유만 마시면 유당 때문에 배가 아파.
😢 그렇구나..! 락토프리 우유를 한번 마셔 보면 어때?"
준공,"이런 뜻이에요 공사를 다 끝낸 것.

준竣 : 끝내다
공工 : 공사
이렇게 쓰여요 😆 이사 가려는 아파트가 준공돼서 조금 있으면 들어갈 수 있다고 하더라!
😃 축하해! 이제 새집으로 이사 갈 수 있겠구나~"
낙수,"이런 뜻이에요 천장이나 지붕 끝 등에서 물이 떨어지는 것.

떨어진 물을 뜻하기도 해요.

주로 비나 눈이 올 때 생기는 물이 떨어져요. 비가 올 때는 빗물, 눈이 오고 나서는 눈이 녹은 물이 떨어지지요.

낙落 : 떨어지다
수水 : 물
이렇게 쓰여요 😮 오늘 지하철을 타려는데 낙수 주의 안내판이 세워져 있더라.
😃 그래? 안내판 근처는 피해서 지나가야겠다."
심심하다,"이런 뜻이에요 진심을 깊게 담음.

심甚 : 어떤 정도가 심하다, 깊다
심深 : 깊다
이렇게 쓰여요 😥 지난번에는 제가 실수했어요. 심심한 사과의 말씀을 드립니다.
🤗 괜찮아요. 진심으로 사과해 줘서 고마워요."
고독,"이런 뜻이에요 세상에 혼자 있는 것처럼 외롭고 쓸쓸한 상태.

고孤 : 외롭다
독獨 : 혼자
이렇게 쓰여요 😥 나 요즘 고독한 것 같아…
😯 에고, 그렇구나. 최근에 혹시 무슨 일 있었어?"
구직,"이런 뜻이에요 일자리를 찾는 것.

구求 : 구하다
직職 : 직업, 일자리

✔ 함께 알면 좋은 말 : 구인
이렇게 쓰여요 🙂 오랜만에 만나니까 좋다. 요즘 어때?
🤔 구직 중이라 고민이 많아. 나랑 맞는 일자리를 얼른 찾고 싶어!"
구인,"이런 뜻이에요 일할 사람을 구하는 것.

구求 : 구하다
인人 : 사람

✔ 함께 알면 좋은 말 : 구직
이렇게 쓰여요 🙂 이번에 관심 있던 회사에서 구인하더라고! 지원해 보려고~
🤗 그래? 좋은 결과 있으면 좋겠다!"
연차,"이런 뜻이에요 회사에서 일을 처음 시작한 날부터 1년마다 생기는 휴가.

연차 휴가의 줄임말이에요.

회사에서 일을 처음 시작한 날부터 1년이 지나면 15개의 휴가가 생겨요. 그 후 2년마다 15개에서 1개씩 연차가 늘어나요. 25개까지 늘어날 수 있어요.

예를 들어 내가 2023년 1월 1일부터 2023년 12월 31일까지 한 회사에 다녔고, 2024년에도 같은 회사에 다닌다면 2024년에 15일의 휴가가 생겨요.

✔ 함께 알면 좋은 말 : 월차
이렇게 쓰여요 🤔 너 오늘 엄청 신나보인다? 무슨 좋은 일 있어?
😎 응 내일부터 3일 동안 연차거든."
선불,"이런 뜻이에요 일이 끝나기 전이나 물건을 받기 전에 미리 돈을 내는 것.

선先 : 먼저
불拂 : 돈을 내다

✔ 함께 알면 좋은 말 : 착불
이렇게 쓰여요 🤔 택배 보내고 싶은데요. 선불로 하면 얼마인가요?
🤗 네, 3,500원입니다."
우월감,"이런 뜻이에요 다른 사람보다 자신이 더 낫다고 생각하는 것.

✔ 함께 알면 좋은 말 : 열등감
이렇게 쓰여요 🤔 이번 경기에서 1등한 선수 인터뷰 봤어?
🤗 맞아. 우월감을 가지지 않고 앞으로도 계속 열심히 연습하겠다더라고!"
열등감,"이런 뜻이에요 다른 사람보다 자신이 더 못하다고 생각하는 것.

✔ 함께 알면 좋은 말 : 우월감
이렇게 쓰여요 😐 이번 시험도 못 봤어.. 나는 시험 성적이 나올 때마다 열등감을 느껴.
😀 열심히 시험 준비한 것만으로도 정말 대단해! 시험 보느라 고생 많았어~"
할부,"이런 뜻이에요 내야 하는 돈을 여러 번에 나눠서 내는 것.

✔ 함께 알면 좋은 말 : 일시불
이렇게 쓰여요 😢 사고 싶은 물건이 있는데 돈이 부족해.
🤔 할부로 살 수 있는지 확인해 보면 어때?"
월차,"이런 뜻이에요 1달마다 생기는 휴가.

월차 휴가의 줄임말이에요.

1달 동안 일한 직장인에게 다음달에 쓸 수 있는 1일의 휴가를 주는 것이에요.

월차는 법에서 정한 휴가가 아니기 때문에 월차를 주는 회사도 있고 주지 않는 회사도 있어요.

✔ 함께 알면 좋은 말 : 연차
이렇게 쓰여요 🤔 너 오늘 되게 피곤해 보인다? 무슨 안 좋은 일 있어?
🤗 요즘 너무 힘들고 지치네. 내일 하루 월차 내고 쉬어야겠어😢"
일시불,"이런 뜻이에요 내야 하는 돈을 한꺼번에 모두 내는 것.

✔ 함께 알면 좋은 말 : 할부
이렇게 쓰여요 😲 우와, 처음 보는 게임기다. 새로 산 거야?
🤗 응! 이번에 모아둔 돈으로 갖고 싶던 게임기를 일시불로 샀어!"
구립,"이런 뜻이에요
구에서 만들고 관리한다는 뜻이에요.

예를 들어, 영등포구에 구립 도서관이 있다면, 
그 도서관은 영등포구에서 만들고 관리해요.

그 외에도 구립 어린이집, 구립 도서관, 구립 공원, 
구립 수영장 등이 있어요.

✔ 함께 알면 좋은 말 : 시립
이렇게 쓰여요
😁 너희 동네 구립 도서관 정말 좋더라!
😉 그치? 내가 자주 이용하는 곳이야."
시립,"이런 뜻이에요
시에서 만들고 관리한다는 뜻이에요.

예를 들어, 서울시에 시립 미술관이 있다면, 
그 미술관은 서울시에서 만들고 관리해요.

그 외에도 시립 대학교, 시립 도서관, 시립 병원, 
시립 운동장 등이 있어요.

✔ 함께 알면 좋은 말 : 구립
이렇게 쓰여요
🥳 이번에 OO시에 시립 도서관이 새로 생긴대.
😆 OO시 사람들이 정말 편리하겠다!"
구정,"이런 뜻이에요
음력 1월 1일.

우리가 설날이라고 부르는 날이에요.

구舊 : 옛날의
정正 : 첫째 달

✔ 함께 알면 좋은 말 : 신정
이렇게 쓰여요
🤔 2024년 구정은 언제야?
🤗 2월 10일! 그날이 음력으로 1월 1일이야."
신정,"이런 뜻이에요
양력 1월 1일.

새해 첫날을 뜻해요.

신新 : 새로운
정正 : 첫째 달

✔ 함께 알면 좋은 말 : 구정
이렇게 쓰여요
🤔 우리 1월에 만나자! 언제가 좋을까?
🤗 신정이 쉬는 날이니까 여유롭게 그때 보자!"
비접촉,"이런 뜻이에요 서로 닿지 않는 것.

비非 : ~아니다, ~않다
접촉接觸 : 서로 닿는 것
이렇게 쓰여요 😮 새로 나온 비접촉 교통카드 써 봤어?
😉 응! 정말 신기했어. 지하철역에서 카드를 찍지 않아도 자동으로 돈이 나가더라고!"
고성방가,"이런 뜻이에요
다른 사람에게 피해를 줄 만큼 큰 소리로 소리를 지르거나 노래를 부르는 것.

고성高聲 : 큰 소리
방가放歌 : 마구 소리를 지르고 노래를 부르는 것
이렇게 쓰여요
🤔 조금 피곤해 보인다! 무슨 일 있었어?
😭 밤늦게 길거리에서 고성방가하는 사람 때문에 잠을 못 잤어."
기점,"이런 뜻이에요 어떤 일이 처음 시작되는 시간이나 장소.

기起 : 시작하다, 일어나다
점點 : 장소, 공간
이렇게 쓰여요 (🚅 기차역에서)
🤔 이 기차는 기점이 어디인지 모르겠네.
🤗 서울에서 부산으로 가는 기차니까 서울역이 기점이야. 서울역에서 처음으로 출발해!"
해돋이,"이런 뜻이에요 해가 막 떠오르는 모습이나 때.
이렇게 쓰여요
🤔 12월 31일에 뭐하기로 했어?
🤗 이번에는 동해 바다로 새해 첫 해돋이를 보러 갈 거야!’"
강소농,"이런 뜻이에요 작지만 강한 농민.

비교적 작은 크기의 땅에서 자신만의 방법으로 좋은 품질의 과일, 채소 등을 키워요.
이렇게 쓰여요 😋 얼마 전에 한 농민이 운영하는 인터넷 쇼핑몰에서 딸기를 사 먹었는데 정말 맛있었어!
😉 나도 그분 알아! 강소농이시더라고~"
전임상,"이런 뜻이에요 새로 만든 약을 실제 사람에게 사용하기 전에 문제가 있는지 알아보는 것.

문제가 있는지 알아보기 위해 여러 동물에게 먼저 약을 사용해요.

전임상 시험을 줄여서 부르는 말이에요.
이렇게 쓰여요 😀 뉴스 봤어? 췌장암에 효과가 있는 약이 개발됐대!
😮 전임상 시험은 통과했을까? 한번 찾아봐야겠어!"
휘산,"이런 뜻이에요 액체가 기체로 바뀌어 공기 중에 퍼지는 것.

휘산은 주로 뿌려서 사용하는 향수, 방향제 등을 사용할 때 볼 수 있는 모습이에요.

뿌려서 사용하는 향수, 방향제 등은 원래 물 같은 액체로 되어 있어요. 액체를 공기 중에 뿌리면 연기 같은 기체로 변하며 향기가 퍼져요.
이렇게 쓰여요 😎 새로 산 향수를 뿌려 봤는데, 휘산이 정말 잘 된다!
🤗 우와! 향이 주위에 금방 퍼지나 보다!"
권리,"이런 뜻이에요 어떤 일을 누리거나 당연히 요구할 수 있는 힘이나 자격.
이렇게 쓰여요 😀 조금 있으면 선거하는 날이네~
😎 맞아. 투표는 우리의 소중한 권리니까 꼭 투표하자!"
곰살궂다,"이런 뜻이에요 친절하고 다정한 성격.

꼼꼼한 성격을 뜻하기도 해요.
이렇게 쓰여요 😀 오늘 준비물을 두고 왔었는데, 친구가 자신의 준비물을 같이 쓰자고 해 줬어!
🤗 정말 다행이다! 그 친구 참 곰살궂은 걸?"
참살이,"이런 뜻이에요 건강한 몸과 마음을 가지고 행복하게 사는 것.
이렇게 쓰여요 😎 요즘 밥을 잘 챙겨 먹고 운동하는 습관을 만들려고 노력하고 있어.
🤗 오오! 요새 참살이에 관심이 생겼나 보다."
하자,"이런 뜻이에요 어떤 물건에 문제가 있는 것.

망가지거나 상하는 등 여러 문제가 있을 수 있어요.
이렇게 쓰여요 😥 이번에 냉장고를 샀는데 냉장고에 넣은 음식이 시원해지질 않아!
😮 그럼 하자가 있는 냉장고일 수도 있어. 냉장고를 산 곳에 연락해 봐!"
무기 징역,"이런 뜻이에요 죄를 지은 사람을 평생 교도소에 가두는 벌.
이렇게 쓰여요 😥 사람을 죽인 그 범죄자는 결국 무기 징역을 받게 되지 않을까?
😔 나도 그렇게 생각해. 다음 달에 재판 결과가 나온다더라."
협상,"이런 뜻이에요 어떤 문제를 해결하기 위해 여러 사람이 모여서 의견을 나누는 것.
이렇게 쓰여요 🤔 올해부터는 우리 회사에 여름 휴가가 생길 수도 있대!
😮 정말? 회사랑 직원들 사이에 협상이 잘 되면 좋겠다!"
대상 포진,"이런 뜻이에요 바이러스가 몸속에 퍼져서 피부에 붉은 점과 물집이 생기는 병.
이렇게 쓰여요 😢 어젯밤에 갑자기 몸에 물집이 생겼어. 물집 있는 곳이 가렵고 아파.
😮 대상포진일 수도 있어. 얼른 병원에 가 봐!"
센서,"이런 뜻이에요 주변 환경이 변하면 그에 따라 반응하는 장치.

센서는 기계의 한 종류예요.

센서 주변의 빛, 소리, 온도, 움직임 등이 변하면, 문이 열리거나 버튼이 눌리는 등 어떤 반응을 하도록 만들어졌어요.

센서는 영어 단어로, sensor 라고 써요.
이렇게 쓰여요 😎 나 어제 로봇 청소기를 처음 써 봤는데, 로봇 청소기가 알아서 물건들을 피해 다니며 청소하는 게 신기하더라고!
😮 로봇 청소기에 있는 센서가 주변에 물건이 있다는 걸 알아차리나 봐. 청소할 때 훨씬 편하겠다~"
시건장치,"이런 뜻이에요 문 등을 잠그는 장치.
이렇게 쓰여요 🤗 여기에 자전거를 세워 두고 가자.
😁 응! 시건장치 잘 잠궜지?"
불매 운동,"이런 뜻이에요 일부러 어떤 물건을 사지 않는 것.

주로 어떤 기업이 잘못된 행동을 했을 때, 그 기업의 물건을 일부러 사지 않으며 기업의 행동에 반대한다는 의견을 표현하는 거예요.

혼자서 하기보다는 여럿이서 함께 할 때가 많아요.
이렇게 쓰여요 🤔 사려던 옷이 있었는데 그 브랜드에 대한 안 좋은 기사가 많아서 고민이 돼.
😮 맞아. 요새 주변 사람들도 그 브랜드 불매 운동을 하더라고."
4대 보험,"이런 뜻이에요 우리나라에서 일하는 국민을 위해 만든 4개의 사회 보험.

우리나라에서 직장을 다니는 사람이라면 대부분이 가입해야 하는 보험이에요. 보험에 가입하면 일하다가 문제가 생겼을 때 나라의 도움을 받을 수 있어요.

4대 보험은 각각 이런 문제가 생겼을 때 도움이 돼요.

국민연금 : 돈을 벌기 어려워졌을 때
건강보험 : 일상생활을 하다가 다쳤거나 병에 걸렸을 때
고용보험 : 일자리를 잃었을 때
산재보험 : 일하다가 다쳤거나 병에 걸렸을 때
이렇게 쓰여요 😆 나 이번에 취업했어!
🥳 축하해! 4대 보험에 가입하는 곳인지도 꼭 알아봐!"
식재,"이런 뜻이에요 식물을 땅에 심고 키우는 것.
이렇게 쓰여요 🤔 도로 주변에는 왜 은행나무가 많을까?
😁 은행나무가 튼튼하대. 한번 식재하면 시들지 않고 오래 잘 산다고 하더라."
수목,"이런 뜻이에요 살아 있는 나무.
이렇게 쓰여요 😥 우리 동네에 나무들이 많이 사라져서 아쉬워.
🤔 수목원에 가보는 건 어때? 예쁘고 신기한 나무들이 많이 모여 있는 곳이래."
횡적,"이런 뜻이에요 물건을 가로로 눕혀서 쌓는 것.

주로 크고 무거운 물건을 옮길 때 쓰는 말이에요.
이렇게 쓰여요 😮 이 상자에 '횡적 금지'라고 적혀 있네.
😁 상자를 눕히지 말고 세워 둬야겠다!"
하도급,"이런 뜻이에요 어떤 사람이나 회사가 자신이 맡은 일을 직접 하지 않고 전부 또는 일부를 다른 사람이나 회사에 다시 맡기는 것.

예를 들어, A 회사는 B 회사에게 한 건물을 지어달라고 했을 때, B 회사는 건물 짓는 데 필요한 일을 C 회사에 요청할 수 있어요. 지붕 공사, 창문 설치, 전기 설치 등 작업별로 일을 나누어 맡길 수도 있고, 모든 일을 한꺼번에 맡길 수도 있어요.
이렇게 쓰여요 (🏢 회사에서)
🤔 사장님, 새로 짓는 건물에 전기를 설치하는 일은 다른 회사에 하도급을 주려고 합니다.
🤗 그래요. 전기 설치를 잘하는 회사를 찾아봅시다."
전지,"이런 뜻이에요 식물의 가지를 자르고 다듬는 것.

주로 가지치기라고 해요.

전지를 하면 식물이 더욱 잘 자라는 데 도움이 돼요. 식물의 모양도 보기 좋아져요.
이렇게 쓰여요 (🌳 공원에서)
🤔 소나무에 전지를 하고 있네!
🤗 가지가 많이 자랐나 보다. 저번처럼 소나무를 둥근 모양으로 자르려나?"
발파,"이런 뜻이에요 크고 단단한 것을 부수는 것.

주로 폭탄 등으로 크고 단단한 것을 폭발시켜서 부셔요.
이렇게 쓰여요 (🔊 쿵! 쿵!)
😮 방금 들었어? 뭔가 쿵! 하고 무너지는 소리가 났는데? 지진인가?
🤔 동네에 새 건물을 짓는다고 하던데, 그것 때문에 오래된 건물을 발파하는 소리 같아."
조성,"이런 뜻이에요 무언가를 만드는 것.

공원이나 숲처럼 모양이 있는 것을 만들 때도 쓰고, '무서운 분위기'나 '일하기 좋은 환경'처럼 모양이 없는 것을 만들 때도 사용하는 말이에요.
이렇게 쓰여요 😁 동네에 공사 중인 곳 봤어? 공원을 만들려고 하나 봐.
😆 맞아! 나무도 많이 심어서 예쁜 산책길도 조성할 거래!"
이스터 에그,"이런 뜻이에요 찾는 사람에게 재미를 주기 위해 일부러 만들어 숨겨 놓은 것.

주로 컴퓨터 프로그램 속에 숨겨져 있어요. 정해진 조건을 맞춰야 이스터 에그가 나타나요.
이렇게 쓰여요 😆 그거 알아? 이 앱에 자신의 휴대폰 번호를 입력하면, 멋진 문장이 나온대!
😁 우와! 앱을 만든 사람이 이스터 에그를 숨겨두었구나!"
초전도체,"이런 뜻이에요 어떤 온도가 되면, 아무런 방해 없이 전기가 이동할 수 있는 물질.

전기는 전기가 통하는 물질을 따라 이동해요.
전기가 이동할 때는 여러 가지 방해가 생겨서 전기가 조금씩 줄어들게 돼요.

초전도체라는 물질에서는 어떤 온도만 정해 놓으면, 전기가 이동할 때 아무런 방해가 생기지 않아요.
그래서 전기가 전혀 줄어들지 않고 이동할 수 있어요.

초전도체의 종류에 따라 전기가 줄어들지 않는 온도는 달라요.
이렇게 쓰여요 🤔 배터리를 초전도체로 만들면 어떻게 될까?
😮 배터리를 통해서 전기가 이동할 때 전기가 줄어들지 않겠다. 그러면 이전보다 전기를 더 많이 쓸 수 있어서 더 빨리 충전되지 않을까?"
부조리,"이런 뜻이에요 올바르지 않은 일.

규칙이나 법을 지키지 않거나 누군가를 괴롭히는 등 잘못된 일이나 행동을 뜻해요.
이렇게 쓰여요 🤔 그 사람 회사 돈을 맘대로 사용한 게 걸려서 감옥에 갔대.
😑 부조리한 행동을 자주 하더니 결국 그렇게 됐군."
순살아파트,"이런 뜻이에요 공사를 제대로 하지 않아 안전하지 않은 아파트.

'순살'은 뼈나 껍질 등이 섞이지 않은 고기를 뜻해요.
순살 아파트는 아파트를 짓는 데 필요한 재료를 제대로 넣지 않아 위험한 아파트예요. 뼈나 껍질이 없는 것처럼 재료가 없다는 거죠.
이렇게 쓰여요 😨 옆 단지 아파트에서 지하 주차장이 무너져 내렸대!
😡 새로 지은 아파트 아니야? 순살 아파트 였나 보다!"
E/S,"이런 뜻이에요 에스컬레이터.

영어 단어 'Escalator'를 줄여 부르는 말이에요.
앞의 두 글자인 'E', 'S'만 사용해서 줄인 거예요.
이렇게 쓰여요 (🚇 지하철역에서)
😮 1번 출구 쪽 E/S가 고장났다고 되어 있네.
😀 바로 뒤 2번 출구 쪽에 있는 계단을 이용하자!"
녹음,"이런 뜻이에요 푸른 잎을 가진 나무나 풀이 가득한 곳.

푸른 잎이 많이 달린 나무의 그늘도 '녹음'이라고 불러요.
이렇게 쓰여요 (🌳 공원을 산책하면서)
🤗 여름은 정말 녹음의 계절이다!
😲 그러게! 마음까지 푸릇푸릇해 지는 기분이야."
녹화,"이런 뜻이에요 식물이 많아지도록 식물을 심는 것.

산이나 들에 식물을 많이 심어 푸르게 만든다는 뜻이에요.
이렇게 쓰여요 (🌳 공원을 산책하면서)
😲 이 공원은 녹화 공사 중인가 봐! 공사 중이라고 안내판도 세워 놨네.
🥳 예쁜 꽃을 많이 심어 주면 좋겠다! 공사 끝나고 구경하러 와 보자~"
키링,"이런 뜻이에요 여러 개의 열쇠를 한 번에 가지고 다닐 수 있도록
열쇠를 끼워 두는 고리.
이렇게 쓰여요 😆 키링 되게 예쁘다! 여기 달려있는 열쇠들은 어떤 열쇠들이야?
😉 고마워~ 내가 자주 사용하는 집 열쇠랑 학교 사물함 열쇠야!"
우기,"이런 뜻이에요 1년 중 비가 많이 내리는 때.
이렇게 쓰여요 🤔 곧 우기가 올 거래. 집에 비가 새는 곳은 없는지 미리 살펴봐야 겠어.
😤 그러자. 이번 우기는 굉장히 길 거래."
혼잡 개소,"이런 뜻이에요 사람이 많이 지나다녀 복잡한 곳.

주로 지하철역에서 볼 수 있는 단어예요.
이렇게 쓰여요 (🚇 지하철역 계단에서)
🤔 이 역에는 늘 사람이 많은 것 같아!
😣 혼잡 개소여서 그래. 사람들이랑 부딪혀서 넘어질 수도 있으니 조심하자!"
자숙,"이런 뜻이에요 쪄서 익힌 것.
이렇게 쓰여요 😉 우리 저녁에 파스타 만들어 먹을까?
😄 그래! 파스타에 넣어 먹을 자숙 새우도 사가자!"
제수용,"이런 뜻이에요 제사를 지낼 때 사용하는 물건이나 음식.

제사에 사용하는 물건이나 음식 앞에 붙여서 '제수용 OO'이라고 써요.
이렇게 쓰여요 😆 엄마! 회사에서 명절 선물로 과일 세트를 받아왔어요!
맛있어 보이죠?
😉 그러네! 크고 맛있어 보인다~ 제수용으로 딱 좋겠는데?"
마약,"이런 뜻이에요 사람의 정신에 영향을 주고 중독이 되는 약물.

마약에는 여러 종류가 있어요. 마약은 먹거나 주사해서 사용할 수 있는데, 몸과 정신에 큰 영향을 줘요. 한번 사용하면 자꾸 생각나서 끊기도 어렵지요. 우리나라와 세계 여러 나라에서는 마약을 위험한 약물로 정하고, 사용하는 걸 법으로 금지하고 있어요.

하지만 병원에서는 필요할 때 아주 조금씩 사용할 수도 있어요. 마약은 환자의 아픔을 줄여 주기도 하기 때문이에요.
이렇게 쓰여요 😮 공항에서 어떤 사람이 몰래 마약을 가지고 들어오다가 경찰에 잡혔대.
😤 맞아. 요새는 꽁꽁 숨겨도 기계를 이용해서 마약을 다 찾아낸다더라고."
상호 대차,"이런 뜻이에요 도서관 이용자가 책, 자료를 빌릴 수 있도록 도서관끼리 책, 자료를 서로 주고받는 것.

이용자가 가까운 A 도서관에서 책을 빌리고 싶은데 그 책이 A 도서관에 없으면 어떻게 해야 할까요? 다른 도서관이 A 도서관으로 책을 보내 주면, 이용자가 A 도서관에서 그 책을 빌릴 수 있어요. 이것을 ‘상호 대차'라고 해요.

원래 다른 도서관 책이지만 이용자가 빌려서 읽을 수 있도록 잠시 A 도서관으로 가져오는 것이지요.

하지만 자료를 주고받기로 약속한 도서관끼리만 상호 대차를 할 수 있어요.
이렇게 쓰여요 (📚도서관에서)
😥 읽고 싶은 책이 있는데, 이미 누가 빌려갔어.
😉 그러면 다른 도서관에 상호 대차를 신청해 보자!"
심미 치료,"이런 뜻이에요 외모를 더 보기 좋게 하기 위해 받는 치료. 
이렇게 쓰여요 😥 요새 잠을 잘 못 잤더니 피부가 거칠어진 것 같아.
🤔 피부과에 가보면 어때? 피부를 부드럽게 만들어주는 심미 치료도 있대."
정찰제,"이런 뜻이에요 물건, 서비스를 정해진 가격대로 팔도록 만든 제도.

가게에 따라 가격을 다르게 하지 않고, 정해진 가격대로만 물건이나 서비스를 팔도록 하는 거예요.
이렇게 쓰여요 😮 예전에는 A 마트가 다른 마트보다 아이스크림이 쌌는데, 요새는 다른 마트랑 가격이 똑같아.
🤔 아마 아이스크림 가격 정찰제 때문일 거야."
부기,"이런 뜻이에요 원래 내용에 새로운 내용을 추가하여 적은 것.

예를 들어, 지하철역이나 기차역 이름 옆에 괄호로 덧붙인 이름을 '역명 부기'라고 해요.
이렇게 쓰여요 🤔 송파구청에서 가장 가까운 역이 어디더라?
😄 아마 잠실역일걸? 잠실역이랑 가까워서 잠실역의 역명 부기가 '송파구청'이었던 것 같아!"
전도,"이런 뜻이에요 사람, 물건 등이 넘어지는 것.

주로 턱에 걸리거나 주위가 흔들려서 넘어져요.
이렇게 쓰여요 😮 어제 역앞에서 한 자동차가 전도됐대.
😞 나도 그 기사 봤어. 자동차가 옆으로 넘어졌다던데 다행히 다친 사람은 없다고 하더라."
집하,"이런 뜻이에요 여러 지역에 있는 물건을 한곳으로 모으는 것.
이렇게 쓰여요 🤔 내가 받아야 할 택배가 '집하 중'이래. 언제 도착하려나...
😄 집하 중이면 상품이 택배 회사에 도착해 있다는 거네! 택배 회사에서 출발할 때까지 아직 조금 더 기다려야겠다."
소수 정예,"이런 뜻이에요 정해진 기준에 맞는 적은 수의 사람들.
이렇게 쓰여요 😁 다음 달에 직장인을 위한 영어 수업반이 열린대! 나도 수업 들어 볼까 봐.
😉 소수 정예로 모집한다니까 마감되기 전에 서둘러!"
카타르시스,"이런 뜻이에요 마음속에 있던 안 좋은 감정이 없어지면서 마음이 안정되는 것.

주로 우울, 불안, 긴장 등 안 좋은 감정을 말이나 행동으로 표현할 때 카타르시스를 느껴요. 자신이 가진 감정을 밖으로 내보내면서 마음이 가벼워지는 것이지요.
이렇게 쓰여요 🥺 이번에 읽은 소설이 너무 슬프고 감동적이었어.
😮 어떤 소설이야? 나도 소설을 읽고 카타르시스를 느껴 보고 싶어!"
커리큘럼,"이런 뜻이에요 수업 내용 전체를 계획한 것.

주로 정해진 기간, 목표에 따라 수업 내용을 정해요.
이렇게 쓰여요 😁 벌써 새 학기네. 올해는 어떤 내용을 배우게 될까?
😉 이번 학기 커리큘럼을 확인해 봐!"
노가다,"이런 뜻이에요 몸을 많이 움직여서 하는 일.

주로 공사장에서 하는 일을 뜻해요.

여러 번 반복해서 하는 일을 뜻하기도 해요.
이렇게 쓰여요 (🎮게임을 하며)
😆 집 너무 예쁘다! 어떻게 꾸몄어?
😉 열심히 노가다로 잡초 뽑고 나무 베고 돌 캐면서 꾸몄어."
하역,"이런 뜻이에요 짐을 싣고 내리는 일.
이렇게 쓰여요 😅 이 많은 물건을 언제 다 하역하지?
😉 기계를 이용하니까 빨리 끝날 거야!"
쇄정,"이런 뜻이에요 무언가를 열리지 않도록 잠그는 것.

주로 자물쇠를 이용해 문이 열리지 않도록 잠글 때 사용하는 말이에요.
이렇게 쓰여요 🤔 사용한 사물함은 잘 쇄정하고 나왔어?
🤗 응! 사물함이 잠겼는지 2번이나 확인했어~"
덕담,"이런 뜻이에요
상대방이 잘되기를 바라며 나누는 말.

주로 새해, 명절에 나누는 말이에요.
이렇게 쓰여요
😉 설날에 할머니께서 ‘올해도 건강하고 행복하게 잘 보내라’는 문자를 보내주셨어.
😮 명절이라고 덕담을 보내주셨구나. 마음이 따뜻해진다~"
설빔,"이런 뜻이에요 설날에 입거나 신는 새 옷, 신발.
이렇게 쓰여요
😮 처음 보는 옷이네? 예쁘다. 새로 샀어?
🤗 설날 기념으로 설빔을 준비해 봤어! 새해니까 새로운 옷을 입고 한 해를 시작하려고~"
일력,"이런 뜻이에요
1월 1일부터 12월 31일까지, 한 해의 날짜가 1장에 1개씩 적혀있는 물건.

일력은 달력과 비슷한 물건이에요. 달력은 1장에 1달 동안의 날짜가 다 적혀있지만, 일력에는 1장에 하루의 날짜만 적혀있어요.

그래서 주로 달력은 12장(1년 12달), 일력은 365장(1년 365일)이에요.
이렇게 쓰여요
🤔 조금 있으면 새해인데, 달력 샀어?
🤗 이번에는 일력으로 사봤어. 매일 아침 일력을 뜯으면서 하루를 힘차게 시작해 보려고!"
음란,"이런 뜻이에요
성과 관련된 것을 잘못된 방법으로 나쁘게 다루는 것.

성을 다룰 때에도 지켜야 할 것들이 있어요. 성에 대한 규칙과 도덕을 지키지 않는 것을 음란이라고 해요.

성을 함부로 다루거나 다른 사람의 기분을 나쁘게 만드는 책, 사진, 영상 등을 ‘음란물’이라고 불러요.
이렇게 쓰여요
😱 으악! 모르는 사람이 인스타그램 메시지로 속옷만 입고 있는 사진을 보냈어!
😠 뭐? 당장 음란물이라고 신고해!"
슈톨렌,"이런 뜻이에요
긴 덩어리 모양으로 생긴 독일 전통 빵.

독일에서 처음 만든 빵으로, 주로 크리스마스를 기념해 먹어요.

견과류, 말린 과일 등을 넣어 만들며, 빵 겉면에는 설탕 가루가 잔뜩 뿌려져 있어서 빵 위로 눈이 내린 것처럼 보여요.

슈톨렌은 독일어 단어로, Stollen 이라고 써요.


*이미지 출처 : 중앙일보
이렇게 쓰여요
🤔 이번 크리스마스에는 어떤 케이크를 사볼까?
🤗 슈톨렌 어때? 요즘은 슈톨렌이 유행이래!"
X-mas,"이런 뜻이에요
크리스마스(12월 25일).

X-mas는 크리스마스의 또 다른 표현이에요. X-mas를 그대로 읽으면 ‘엑스마스’지만, 주로 크리스마스라고 읽어요.

X-mas에서 'X'는 '예수*', 'mas'는 '축하하는 날'이라는 뜻이에요. 크리스마스는 예수가 태어난 날로, 예수가 태어난 것을 축하하는 날이에요.

*예수 : ‘기독교’라는 종교를 만든 사람.
이렇게 쓰여요
X-mas 기념 할인
X-mas 선물
X-mas 파티"
특선 영화,"이런 뜻이에요
설날, 크리스마스 등 명절이나 기념일에 맞추어 특별히 고른 영화.

주로 명절이나 기념일에 잘 어울리는 내용의 영화를 골라서 보여줘요.

예를 들어, 크리스마스 특선 영화는 크리스마스와 어울리는 내용이 담긴 영화를 골라서 보여주는 것이에요.
이렇게 쓰여요
🧐 이번 크리스마스에 뭐 할 거야?
🤗 집에서 크리스마스 특선 영화 보려고! 내가 좋아하는 배우가 나오는 영화도 있더라고."
횡령,"이런 뜻이에요
다른 사람의 돈이나 물건을 몰래 훔쳐서 사용하는 것.

주로 자신이 다니는 회사의 돈을 훔쳤을 때 ‘횡령’을 했다고 해요.
이렇게 쓰여요
🧐 ○○ 기업 직원이 횡령을 했다던데 소식 들었어?
😠 회사 통장에서 1억을 몰래 훔쳤다며? 통장을 관리하던 직원이어서 횡령했다는 걸 아무도 몰랐대!"
저감,"이런 뜻이에요 무언가를 줄이는 것.
이렇게 쓰여요
😤 오늘 미세먼지가 많다고 해서, 자동차 대신 지하철을 탔어.
🤩 미세먼지를 저감하기 위해 노력했구나!"
뒷광고,"이런 뜻이에요
제품을 만든 회사에게 돈을 받고 제품을 광고하면서 광고가 아닌 척하는 것.

뒤에서 몰래 돈을 받고 광고를 한다고 해서 ‘뒷광고’라고 해요.

예를 들어, 어떤 제품을 사용해 보니 좋은 제품이라고 자신의 SNS(에스엔에스)에서 이야기하는 거예요. 하지만 사실은 제품을 만든 회사에게 돈을 받고 광고를 하는 거죠.
이렇게 쓰여요
🧐 그 뉴스 봤어? 내가 좋아하는 유튜버가 직접 사서 썼다는 화장품이 알고 보니 뒷광고였대.
😣 뒷광고라니, 사람들에게 거짓말을 했네!"
징수,"이런 뜻이에요
나라, 단체 등이 정해진 규칙에 따라 사람들에게서 돈이나 물건을 걷어가는 것.

주로 세금, 벌금, 수수료 등이 있어요.
이렇게 쓰여요
🤔 자전거를 아무 곳에나 세워두면 벌금을 징수한다고 하네.
🤗 아하, 자전거를 정해진 곳에 잘 세워둬야겠다!"
워크숍,"이런 뜻이에요
여러 사람이 같은 문제를 두고 서로의 생각을 나누는 모임.

주로 회사, 학교, 마을 등 여러 사람이 모인 곳에서 열려요.
이렇게 쓰여요 🤔 우리 아파트에 쓰레기 분리수거가 잘 안 되고 있는 것 같아.
🤗 아파트에 사는 사람들끼리 모여서 워크숍을 한번 해보면 어떨까?"
소진,"이런 뜻이에요 물건, 힘 등이 점점 줄어들어 다 없어지는 것.
이렇게 쓰여요
😀 주민센터에서 내년 달력을 나눠준대. 내일 받으러 같이 갈래?
😥 나도 그 얘기 들었어. 근데 벌써 달력이 소진됐대. 사람들이 다 받아 갔나 봐."
견인,"이런 뜻이에요
끌어서 당기는 것.

주로 자동차를 끌어서 옮길 때 많이 사용하는 말이에요.

혼자 움직일 수 없는 크고 무거운 것을 옮길 때도 사용해요.
이렇게 쓰여요
😦 저 자동차 좀 봐! 왜 도로 가운데 멈춰 있지?
😥 차가 고장 났나 봐. 빨리 견인해야겠다."
적재,"이런 뜻이에요
물건을 배, 자동차 등 교통수단에 싣는 것.

물건을 어딘가에 쌓아두는 것을 말하기도 해요.
이렇게 쓰여요 😮 옆집에서 자꾸 계단 앞에 자전거를 세워두네.
🤔 여기는 물건을 적재하면 안 되는 곳인데, 한번 말씀드려 봐야겠다!"
재테크,"이런 뜻이에요 가지고 있는 재산을 잘 관리해 돈을 버는 일.

돈을 은행에 저금하면 이자가 쌓여서 돈을 벌 수 있어요. 땅, 집을 사면 그 지역이 발전했을 때 땅, 집의 가격이 올라서 돈을 벌 수 있어요.
이렇게 쓰여요 20대 사회 초년생을 위한 재테크 노하우"
취사,"이런 뜻이에요 불, 전기 등을 이용해 음식을 만드는 일.
이렇게 쓰여요
😀 우리 주말에 바닷가로 캠핑 갈까? 취사는 안 되는 곳이야.
🤗 좋아. 그러면 미리 음식을 사서 갈까? 아니면 데우지 않아도 되는 간편한 요리를 해보자!"
경작,"이런 뜻이에요 땅을 고르게 갈아엎어서 농사를 짓는 일.
이렇게 쓰여요 🤔 이제 저 땅에서 경작을 시작한다고 하더라!
🤗 오랫동안 빈 땅이었는데 드디어 땅 주인이 생겼나보다."
출차,"이런 뜻이에요 자동차가 주차장 밖으로 나오는 것.
이렇게 쓰여요
🤔 앗, 저 주차장 입구에서 나는 시끄러운 소리는 뭐지?
🤗 지나가는 사람이 자동차를 피할 수 있도록 출차를 알리는 소리야!"
프로그래밍,"이런 뜻이에요
컴퓨터를 사람이 원하는 대로 움직이도록 만드는 일.

컴퓨터를 움직이려면 컴퓨터가 이해할 수 있는 언어(말)를 사용해야 해요.

프로그래밍을 하면 컴퓨터와 연결된 전자 제품을 사람이 원하는 대로 움직이게 할 수 있어요.
이렇게 쓰여요
🤔 지도 앱에서 맛집 추천도 해 주는 것 알고 있었어?
🤗 응. 요즘은 앱 하나로 여러 가지 서비스를 편하게 누릴 수 있도록 프로그래밍이 잘 되어 있는 것 같아."
정차,"이런 뜻이에요
자동차를 잠시 멈춤.

기차, 지하철 등 대중교통을 잠시 멈출 때도 사용할 수 있어요.

멈추다, 정지하다를 뜻하는 ‘정停’과 바퀴 달린 차를 뜻하는 ‘차車’를 합쳐서 만든 말이에요.
이렇게 쓰여요
(🚗자동차 안에서)
🤔 멀미 때문에 갑자기 속이 안 좋아졌어! 잠시 쉬었다 갈 수 있을까?
🤗 앗, 얼른 정차할 곳을 찾아봐야겠다!"
상수도,"이런 뜻이에요
생활에 필요한 물을 관리하는 시설.

마시는 물, 음식이나 물건 등을 만들 때 필요한 물, 불을 끌 때 필요한 물 등을 관리하는 시설이에요.

상수도 시설에서는 바다나 하천 등에서 가져온 물을 깨끗한 물로 만들어요. 상수도 시설부터 우리가 생활하는 공간까지 이어진 긴 관으로 그 물을 보내줘요.
이렇게 쓰여요
😫 오늘 아침에 씻는데 갑자기 물이 안 나왔어.
😣 난 저번에 머리 감는데 갑자기 물이 끊긴 거 있지? 상수도 관이 오래되어서 깨졌나 보더라고."
만 나이,"이런 뜻이에요 생일을 기준으로 세는 나이.

만 나이로 나이를 세면, 태어난 후 첫 번째 생일이 되었을 때 1살이 돼요. 태어난 후부터 첫 번째 생일이 되기 전까지는 0살인 거예요.
이렇게 쓰여요
(👶 유아차를 끌고 가면서)
🧐 2023년 6월 28일부터 나이를 세는 방법이 만 나이로 바뀐대!
🤭 그럼 우리 아이는 태어나고 나서 아직 첫 번째 생일이 안 지났으니까 1살이 아니라 0살이겠네."
간헐,"이런 뜻이에요
어느 정도 시간 간격을 두고 어떤 일을 했다가 멈췄다가 함.

매일, 매번 일어나는 일이 아니라 가끔 일어나는 일을 말할 때 ‘간헐적’이라는 말을 사용해요.
이렇게 쓰여요
🥺 날씨가 더워졌는데 전기 요금이 걱정되어서 에어컨을 못 틀겠어.
😃 이런.. 너무 더울 때만 간헐적으로 에어컨을 틀어보면 어때?"
산견,"이런 뜻이에요
사람, 물건 등이 여기저기에 보임.

사람, 물건 등이 좁은 공간에 가득 모여 있지 않고, 넓은 공간에 어느 정도 떨어져 있는 모습을 말해요.
이렇게 쓰여요 ☺️ 거리에 산견 된 꽃들 좀 봐!
🤗 우와, 곧 봄이 오려나 보다!"
공실,"이런 뜻이에요
사용하지 않는 빈 공간.

비다, 없다를 뜻하는 ‘공空’과 집, 방을 뜻하는 ‘실室’을 합쳐서 만든 말이에요.
이렇게 쓰여요
🤔 제가 이 방을 사용해도 될까요?
🤗 네! 이 방은 지금 공실이라 사용하실 수 있어요."
사각지대,"이런 뜻이에요
눈길이 닿지 않는 곳.

너무 가까이에 있거나 무언가에 가려서 보이지 않는 곳을 뜻해요.

법, 복지 서비스 등의 관심, 도움을 받지 못하는 곳을 뜻하기도 해요.
이렇게 쓰여요
😢 오늘 버스를 타고 오는데 사고가 날 뻔했어. 오토바이가 버스 옆으로 너무 가까이 다가왔거든. 버스 기사님이 오토바이를 못 보셔서 오토바이와 부딪힐 뻔했지 뭐야.
😯 아무도 안 다쳤어? 놀랐겠다. 오토바이가 버스 기사님 사각지대에 있었나 봐.

법의 사각지대
안전 사각지대
복지 사각지대"
균일가,"이런 뜻이에요 여러 개의 제품에 매긴 똑같은 가격.
이렇게 쓰여요
(🛒 가게에서)
🤔 여기에 있는 제품은 왜 모두 만 원이지?
🤗 새로운 제품이 나와서 이벤트를 열었나 봐. 새로 나온 여러 종류의 제품을 모두 균일가로 싸게 팔고 있네."
절연,"이런 뜻이에요 전기나 열이 통하지 못하게 막음.
이렇게 쓰여요
😦 헉! 지하철의 불이 갑자기 꺼졌어!
😃 여기는 절연되는 곳이어서 그래. 이곳을 벗어나면 불이 다시 켜질 거야."
전방,"이런 뜻이에요
무언가의 앞쪽 방향.

예를 들어, 나의 전방 50미터(m)는 내가 바라보고 서 있는 곳의 50미터 앞을 뜻하는 거예요.
이렇게 쓰여요
🤔 전방에 <어린이 보호 구역>이 있다고 하네!
🤗 그럼 지금부터 속도를 줄여서 천천히 운전하자."
시발,"이런 뜻이에요
어떤 일이 맨 처음으로 시작됨.

주로 지하철, 배 등이 정해진 곳에서 맨 처음으로 출발할 때 쓰여요.

병의 증상이 처음 생겼을 때도 사용할 수 있어요.
이렇게 쓰여요
🤔 앗, 갑자기 컴퓨터에 문제가 생겼어요.
🤗 이런, 일단 이 문제의 시발점을 찾아봅시다.

열차의 시발역
병의 시발
유행의 시발"
집적소,"이런 뜻이에요
물건을 모아 쌓아 놓는 곳.

어떤 목적을 가지고 물건을 잔뜩 모아 쌓아 놓는 곳을 말해요. 주로 쓰레기, 도구 등을 정해진 기간 동안 보관해요.

집集은 모으다, 적積은 쌓다, 소所는 곳(장소)이라는 뜻이에요.
이렇게 쓰여요
🤔 쓰레기 버리는 곳이 어디에 있지?
🤗 건물 뒤쪽에 쓰레기 집적소가 있대!"
전대,"이런 뜻이에요
다른 사람에게 빌린 것을 또 다른 사람에게 다시 빌려주는 것.

주로 땅이나 건물을 빌리려고 계약할 때 사용하는 말이에요.

예를 들면, A라는 사람의 건물을 빌린 B가, C라는 사람에게 건물을 다시 빌려주는 거예요. 이런 행동을 ‘전대 행위’라고 불러요.
이렇게 쓰여요 🤔 내가 빌린 집을 다른 사람에게 다시 빌려주고 싶은데, 어떻게 하면 좋을까?
😊 먼저 진짜 집주인에게 집을 다른 사람에게 전대해도 되는지 물어봐!"
양수도,"이런 뜻이에요
권리를 다른 사람에게서 받거나, 다른 사람에게 주는 것.

‘양수도’는 ‘양수’와 ‘양도’를 합쳐 부르는 말이에요.

‘양수’는 무언가에 대한 권리를 다른 사람에게서 받는 것을 뜻해요. ‘양도’는 무언가에 대한 권리를 다른 사람에게 주는 것을 뜻해요.
이렇게 쓰여요
😖 내가 갖고 있던 주식에 대한 양수도 계약서를 쓰기로 했어. 처음 써보는 거라 어려울 것 같아.
🤔 주식에 대한 권리를 누구한테 주기로 한 거야? 계약서 쓰는 건 내가 도와줄게!"
결로,"이런 뜻이에요
차가운 물건의 겉부분에 물방울이 생기는 것.

물건의 안과 밖 중 어느 한 쪽이 더 차가울 때 결로가 생겨요.

만약 겨울이라면, 건물 유리창에 물방울이 생길 수 있어요. 건물 안보다 건물 밖이 더 차갑기 때문이에요.
이렇게 쓰여요
🤔 방금 컵에 차가운 물을 부었는데, 컵 바깥쪽에 물방울이 생겼어.
🤗 결로 때문인가 봐. 물방울이 흐르지 않게 컵 받침을 찾아보자."
차선,"이런 뜻이에요
가장 좋거나 중요한 것 다음으로 좋거나 중요한 것.

만약 어떤 음식을 먹을지 고민하는 상황이라면, 가장 먹고 싶은 음식 다음으로 먹고 싶은 음식을 말해요.

다음을 뜻하는 ‘차次’와, 좋다를 뜻하는 ‘선善’을 합쳐서 만든 말이에요.
이렇게 쓰여요
🤔 이 호텔은 이미 방이 모두 차서 예약이 어렵대!
🤗 그러면 차선으로 생각한 다른 호텔을 예약하자!"
제연경계벽,"이런 뜻이에요 불이 났을 때 생긴 연기가 퍼지지 않게 막는 벽.

연기는 위로 퍼지기 때문에 제연경계벽은 건물 천장 쪽에 설치해요.

주로 지하철역, 지하 주차장 등 불이 났을 때 연기가 빠져나가기 어려운 곳에 설치되어 있어요.
이렇게 쓰여요
😥 얼마 전에 지하철역에서 불이 났는데 아무도 안 다쳤대. 정말 다행이야.
😯 맞아. 제연경계벽이 연기가 빠르게 퍼지지 않도록 막아줘서 사람들이 밖으로 빠져 나가는 데 큰 도움이 되었대."
게첩,"이런 뜻이에요
무언가를 걸거나 붙임.

주로 현수막이나 문서 등을 어딘가에 걸거나 붙일 때 쓰여요.

‘걸다’는 뜻의 ‘게揭’와 ‘문서’라는 뜻의 ‘첩帖’을 합쳐서 만든 말이에요.
이렇게 쓰여요
🤗 이 게시판에 포스터를 게첩할 수 있대~
🤔 오, 그러면 우리 행사 포스터를 이 게시판에 붙여보자!"
적치,"이런 뜻이에요 여러 개의 물건이나 짐을 쌓아 놓는 것.

주로 크고 작은 물건, 짐을 높고 넓게 쌓아둔 모습을 말해요.
이렇게 쓰여요
🤭 소화기 앞에 쌓여있던 쓰레기를 깨끗하게 치웠네!
🤗 불이 났을 때 빠르게 사용할 수 있도록 소화기 앞에는 물건이나 짐을 적치하면 안 되거든."
개폐,"이런 뜻이에요
열고 닫음.

열다를 뜻하는 ‘개開’와 닫다를 뜻하는 ‘폐閉’를 합쳐서 만든 말이에요.

열고 닫을 수 있는 문, 뚜껑 등에 주로 쓰여요.
이렇게 쓰여요
😁 우리 창문 열고 바람 좀 쐴까?
😣 창문이 잘 안 열리네. 개폐가 어려운 창문인가 봐!"
후정,"이런 뜻이에요
집 뒤에 있는 뜰이나 마당.

뒤뜰, 뒷마당이라고도 해요.

뒤를 뜻하는 ‘후後’와 뜰, 마당을 뜻하는 ‘정庭’을 합쳐서 만든 말이에요.
이렇게 쓰여요
😀 우리 집 후정에서 고양이 봤어?
🤗 응 봤어! 그 고양이는 그곳을 참 좋아하나봐."
비스트로,"이런 뜻이에요
음식과 술을 파는 작은 식당.

주로 파스타, 스테이크, 와인 등을 팔아요. 커피나 빵 같은 더 간단한 음식을 팔기도 하고요.

비스트로는 약 10명 정도가 들어갈 수 있는 작은 공간이 많아요. 차려입지 않고 사람들과 편하게 이야기 나누기 좋은 곳이에요.
이렇게 쓰여요
🤔 파스타를 먹고 싶은데, 편하게 얘기하면서 먹을 수 있는 곳 없을까?
🤗 그럼 우리 동네에 생긴 비스트로 갈래? 저번에 가봤는데 분위기 좋더라!"
근린생활시설,"이런 뜻이에요
마을, 동네 가까이에 있어서 사람들이 편리하게 이용할 수 있는 곳.

‘근린’은 ‘가까운 곳’을 뜻해요.

사람들이 모여 사는 마을 · 동네에는 슈퍼, 목욕탕, 병원, 음식점 등 다양한 근린생활시설이 있어요.
이렇게 쓰여요
😮 너희 동네에는 편의점, 빵집, 탁구장, 공연장까지… 없는 게 없네!
🤗 우리 동네에 사람들이 많이 살아서 그런 것 같아. 근린생활시설이 많아서 편하고 좋아~"
동봉,"이런 뜻이에요
물건을 함께 넣어서 포장하는 것.

2가지 또는 그보다 많은 물건을 함께 포장했을 때 사용해요. 편지, 택배를 보낼 때나 음식을 포장할 때에도 자주 쓰여요.

예를 들어, 음식을 시켰을 때 소스가 같이 오면 소스가 음식과 동봉되어 있다고 해요.
이렇게 쓰여요 🤔 인터넷에서 산 옷이 마음에 안 들어. 안 입을 것 같은데 어떻게 해야 하지?
🤗 돌려보내면 되지~ 박스에 택배 비용만큼 돈을 동봉하고 보내면 돼! "
퇴식구,"이런 뜻이에요
식당, 카페 등에서 음식을 다 먹은 후 빈 그릇, 컵, 수저 등을 가져다 놓는 곳.

식당, 카페 중에는 퇴식구가 있는 곳도, 없는 곳도 있어요. 퇴식구가 있는 곳이라면, 다 먹고 남은 빈 그릇, 컵, 수저 등을 퇴식구에 가져다 놓아야 해요.
이렇게 쓰여요
😋 아~ 배부르다. 빈 그릇은 식탁 위에 놓고 나가면 되겠지?
💁‍♀️ 저쪽에 퇴식구가 있더라고! 그릇 돌려주러 가자~"
순연,"이런 뜻이에요 정해진 일정이나 계획을 뒤로 미루는 것.

주로 갑자기 비가 와서 운동 경기를 미루는 등 어쩔 수 없이 계획을 미룰 때 사용하는 말이에요.
이렇게 쓰여요 🤔 이번 주말에 뭐할까? 야구 보러 가고 싶은데 야구 시즌은 이제 끝났겠지?
🤗 비가 와서 마지막 경기가 순연으로 미뤄졌었대. 이번 주말에 한다니까 야구 보러 가자.

지하철 운행이 고장으로 순연되었다.
회의가 다음 달로 순연되었다."
무서명,"이런 뜻이에요
서명(사인)을 하지 않아도 된다는 뜻.

‘없음’을 뜻하는 ‘무無’와 서명을 합쳐 만든 말이에요.
이렇게 쓰여요
(가게 계산대에서) 
🤔 여기에 서명하면 되나요?
🤗 고객님, 서명하지 않고 가셔도 됩니다. 카드로 5만 원보다 적게 사셨을 때는 무서명 거래입니다."
유인 정산,"이런 뜻이에요 사람이 계산해 주는 방식.

’있음’을 뜻하는 ‘유有’, ‘사람’을 뜻하는 ‘인人’, ‘계산’을 뜻하는 ‘정산定算’을 합쳐 만든 말이에요.

예를 들어, 주차장에서 요금을 사람이 계산해 주면 유인 정산이라고 해요. 반대로 사람 대신 기계가 계산해 주면 무인 정산이라고 해요.
이렇게 쓰여요 🤔 이 주차장은 장애인 할인을 받을 수 있다던데, 어떻게 받아야 하는지 방법을 모르겠네.
🤗 유인 정산 주차장이니까 직원분이 계실 거야. 직원분한테 물어보자!"
모뉴먼트,"이런 뜻이에요
중요한 일을 오랜 시간 동안 기억하기 위해 만든 것.

그 나라의 역사에 아주 중요한 일, 누군가가 아주 특별한 결과를 냈을 때, 모뉴먼트를 만들어요.

탑, 건물 등 크기가 큰 것부터 기념 동전 등 작은 것까지 다양해요.
이렇게 쓰여요
🤔 서울에는 어떤 모뉴먼트가 있을까?
🤗 2002 월드컵을 위해 만든 ‘서울 월드컵 경기장’도 모뉴먼트라 할 수 있지."
상신함,"이런 뜻이에요
누군가가 확인해 줘야 할 문서를 올리는 온라인 공간.

주로 회사에서 중요한 서류를 확인받아야 할 때, 상신함에 서류를 올려요.

내 의견을 알린다는 뜻의 ‘상신上申’과 물건을 담는 통을 뜻하는 ‘함函’이 합쳐진 단어예요.
이렇게 쓰여요 💌 ○○ 님, 상신함에 올린 서류 확인 부탁드립니다.
😄 네, 오늘 오후까지 확인할게요."
냉방병,"이런 뜻이에요 에어컨, 선풍기의 찬 바람을 맞으면 생길 수 있는 병.

주로 방 안에서 에어컨의 온도를 아주 낮게 한 다음 오랫동안 있을 때 냉방병에 걸려요.

냉방병에 걸리면 감기처럼 기침을 하거나 콧물이 나요. 머리나 배가 아플 수도 있어요.
이렇게 쓰여요 🥶 에어컨을 너무 세게 틀었나, 몸이 으슬으슬하고 머리가 아파.
😥 냉방병 아니야? 얼른 에어컨 끄고 환기시키자."
가성비,"이런 뜻이에요 가격도 싸고 품질도 좋은 것.

가격도 싸고 양도 많은 음식, 튼튼한 옷 등을 보고 가성비가 좋다고 말해요.

반대로 가격이 비싸고 양이 적은 음식, 튼튼하지 않은 옷 등은 가성비가 좋지 않다고 말해요.
이렇게 쓰여요 😊 너 그 신발 되게 오래 신는다.
😄응, 이 브랜드의 신발이 가격도 싸고 튼튼해서 가성비가 좋거든."
인공 지능,"이런 뜻이에요 사람이 하는 일을 컴퓨터가 따라 할 수 있도록 만든 기술.

영어로 AI에이아이라고 불러요.
이렇게 쓰여요 😝 운전면허가 없어도 인공 지능이 대신 운전해주는 시대가 올 거래.
🤔 우와, 정말 신기하겠다!"
오보,"이런 뜻이에요 어떤 소식을 잘못 알리는 일.

TV, 인터넷, 신문, 라디오 등 뉴스에서 사용하는 말이에요.

뉴스에서 잘못된 단어나 숫자를 나오거나, 일어나지 않은 일이 일어났다고 나오기도 해요.
이렇게 쓰여요 🤪 그 소식 들었어? 유명 배우 둘이 사귄대!
🥴 어라? 그거 오보라는데?"
민영,"이런 뜻이에요 나라와 관련 없는 사람이나 회사에서 관리하는 것.

예를 들어, 민영주차장이 있다면, 그 주차장은 어떤 사람이나 회사가 만들고 관리해요.

그 외에도 민영 방송, 민영 주택 등이 있어요.
이렇게 쓰여요 🙄 공영 방송과 민영 방송은 무엇이 다른 거야?
🤔 공영 방송은 나라에서 만들고 관리하는 방송이어서, 민영 방송보다 지켜야 하는 규칙들이 더 많을 수 있어."
공영,"이런 뜻이에요 나라에서 만들고 관리하는 것.

예를 들어, 공영 주차장이 있다면, 그 주차장은 나라에서 만들고 관리해요.

그 외에도 공영 방송, 공영 주택 등이 있어요.
이렇게 쓰여요 (🚗 차 안에서)
😮 여기에도 주차장이 있는데, 왜 멀리 있는 공영 주차장까지 가는 거야?
😑 공영 주차장은 나라에서 관리하는 주차장이어서 더 저렴하거든!"
하이브리드,"이런 뜻이에요 서로 다른 2가지를 합쳐서 만든 새로운 결과물.

주로 자동차에 자주 쓰이는 말이에요.

예를 들어, 원래 자동차는 기름이나 전기 중 1가지만 사용해 움직일 수 있었는데, '하이브리드 자동차'는 2가지 모두 사용할 수 있어요.

하이브리드 자동차는 다른 자동차보다 기름 값이 적게 들고, 환경에 나쁜 물질이 적게 나와요.
이렇게 쓰여요 🤩 올해 하이브리드 차 새로 나온 거 봤어?
😏 확실히 하이브리드 차가 조금 비싸긴 해도 성능이 좋더라!"
플레이리스트,"이런 뜻이에요 음악이나 영상을 모아 둔 목록.

음악 사이트나 영상 사이트를 이용하면 원하는 음악이나 영상을 모아 자신만의 플레이리스트를 만들 수 있어요.
이렇게 쓰여요 😊 내가 '가을에 듣기 좋은 음악' 플레이리스트 만들었는데 들어 볼래?
🤗 와, 정말 가을에 잘 어울리는 음악들이네!"
프리랜서,"이런 뜻이에요 한 직장의 직원으로 일하는 것이 아니라 어느 직장에도 속하지 않고 일하는 사람.

작가, 디자이너, 유튜버 등 다양한 직업의 프리랜서가 있어요.
이렇게 쓰여요 😗 요새 어떻게 지내?
😊 나는 프리랜서로 일하고 있어!"
편집숍,"이런 뜻이에요 여러 가지 브랜드의 제품을 모아 두고 파는 가게.

예를 들어, 가방을 파는 편집숍이라면 다양한 브랜드의 가방을 판매해요. 주로 편집숍 한 곳만 가도 여러 가지 브랜드의 제품을 볼 수 있어요.
이렇게 쓰여요 😯 신발 새로 사야 되는데, 뭐 사야 할지 모르겠어.
😉 신발 편집숍 가볼래? 거기에 여러 가지 브랜드의 신발이 많으니까 가서 살펴보자!"
크라우드펀딩,"이런 뜻이에요 새로운 제품을 만들기 위해 여러 사람에게 돈을 지원, 후원받는 것.

'여러 사람'을 뜻하는 '크라우드crowd'와 '돈을 지원하는 것'을 뜻하는 '펀딩funding'을 합쳐서 만든 단어예요.
이렇게 쓰여요 🤩 그 핸드폰 케이스 특별해 보인다! 디자인이 멋진걸?
😁 크라우드펀딩으로 후원해서 얻은 거야. 이 작가 그림이 멋지더라고!"
해외 직구,"이런 뜻이에요 다른 나라의 인터넷 사이트에서 팔고 있는 물건을 직접 주문해서 사는 것.

'직구'는 직접 구매의 줄임말이에요.

주로 사고 싶은 물건을 다른 나라의 인터넷 사이트에서 사는 게 더 쌀 때나, 사고 싶은 물건이 자신이 사는 나라에서는 팔지 않을 때 직구를 해요.
이렇게 쓰여요 😍 와, 그 가방 예쁘다! 이번에 새로 샀어?
😎 응! 미국 사이트에서 직구로 샀지! 우리나라에선 안 판대~"
레퍼런스,"이런 뜻이에요 참고하는 자료.

새로운 것을 만들기 위해 이미 만들어진 것들을 살펴볼 때 사용해요.
이렇게 쓰여요 😮 이번 책에 넣을 그림은 어떤 분위기로 그리는 게 좋을까요? 🙂 제가 레퍼런스를 가져왔어요. 작년에 만들었던 책인데, 같이 보면서 이야기 나눠요!"
딥페이크,"이런 뜻이에요 인공 지능 기술을 이용해서 만든 가짜 영상.

원래 있던 영상 속 사람의 얼굴이나 몸에 다른 사람의 얼굴이나 몸 사진을 합쳐서 만들어요.

딥페이크 영상을 보면 실제로는 영상에 나온 적 없는 사람이 그 영상에 나온 것처럼 보이기도 해요.
이렇게 쓰여요 😩 딥페이크 기술 때문에 요즘 성범죄 문제가 심각하대.
😡 기술이 발전하는 것은 좋지만, 나쁘게 이용하는 사람들이 많아서 정말 문제야!"
통기성,"이런 뜻이에요 공기, 바람이 통하는 정도.

'통기성이 좋다'는 바람이 잘 통한다는 뜻이고, '통기성이 안 좋다'는 바람이 잘 통하지 않는다는 뜻이에요.

예를 들어, 통기성이 좋은 옷은 바람이 잘 통하는 옷이에요.
이렇게 쓰여요 😆 이 바지 참 시원해! 바람이 숭숭 들어와!
😄 오오, 통기성이 좋은 옷이구나."
작은술,"이런 뜻이에요 찻숟가락에 가득 담은 양.

주로 요리할 때 사용하는 말이에요.

예를 들어, 2작은술이라고 하면 재료를 찻숟가락으로 2번 담아 푼 양을 말해요.
이렇게 쓰여요 😉 내 커피에는 설탕 3작은술만 부탁해.
😊 나는 단 게 좋던데, 혹시 4작은술은 어때?"
큰술,"이런 뜻이에요 밥숟가락에 가득 담은 양.

주로 요리할 때 사용하는 말이에요.

예를 들어, 2큰술이라고 하면 재료를 밥 숟가락으로 2번 담아 푼 양을 말해요.
이렇게 쓰여요 😀 오늘 요리는 떡볶이야!
😄 고추장 3큰술, 고춧가루 1큰술 넣으면 딱 맛있겠다!"
특가,"이런 뜻이에요 특별히 싼 가격.

축제, 이벤트 등 특별한 일이 있을 때, 물건이나 서비스를 평소보다 싼 가격에 팔아요.
이렇게 쓰여요 🤩 사고 싶었던 옷이 지금 특가래.
😁 놓치지 말고 당장 사러 가!"
최저가,"이런 뜻이에요 가장 싼 가격.

같은 제품이나 서비스도 어디에서 파는지에 따라 가격이 달라요. 최저가로 파는 곳은 다른 어떤 곳보다도 제품이나 서비스를 싸게 파는 곳이에요.
이렇게 쓰여요 😁 이 옷은 이 쇼핑몰이 최저가네.
😆 맞아. 여기가 제일 싸다!"
착붙,"이런 뜻이에요 착 달라붙을 정도로 아주 잘 어울리는 모습.

주로, 옷이나 화장이 잘 어울릴 때 사용해요.
이렇게 쓰여요 😄 너가 오늘 입고 온 파란색 옷 완전 착붙이다!
😆 그렇게 잘 어울려? 나는 파란색 옷이 너무 좋아!"
업데이트,"이런 뜻이에요 어떤 정보를 가장 새로운 내용으로 고치는 것.

원래 정보의 내용을 고치거나, 없앨 수 있어요.
이렇게 쓰여요 😆 이번에 배달 앱이 업데이트되었네!
🤗 그러네! 음식을 주문하기 더 편해졌다~"
싱크홀,"이런 뜻이에요 땅이 무너져서 생긴 큰 구멍.

싱크홀은 크기와 깊이가 다양해요. 자동차나 건물이 모두 빠질 만큼 크고 깊은 싱크홀도 있어요.
이렇게 쓰여요 😮 우리 동네 지하철역 앞에 싱크홀이 생겼어.
😥 에고, 사람들이 많이 놀랐겠다."
해시태그,"이런 뜻이에요 어떤 단어 앞에 #을 붙이는 것.

주로 인스타그램 등 SNS에서 많이 사용해요.

SNS에서 해시태그가 붙어 있는 단어를 검색하면 그 단어가 적힌 게시물만 모아서 볼 수 있어요.
이렇게 쓰여요 🤔 해시태그는 어떻게 붙이는 거야?
😁 #바로 #이렇게 #하는거야"
OOTD,"이런 뜻이에요 오늘 입은 옷.

영어 표현인 'Outfit Of The Day아웃핏 오브 더 데이'의 줄임말이에요. 인스타그램 등 SNS에서 많이 사용하는 표현이에요.
이렇게 쓰여요 😊 너의 OOTD가 궁금해!
😆 오늘은 빨간색 코트와 초록색 바지를 입었어."
발매,"이런 뜻이에요 물건, 제품 등을 팔기 시작하는 것.

주로 가수가 새로운 앨범을 내서 팔기 시작했을 때 사용하는 말이에요.
이렇게 쓰여요 😲 그 가수가 이번 가을에 앨범을 발매한대.
😆 엄청 오랜만에 새로운 앨범이네! 기대된다."
외래,"이런 뜻이에요 입원하지 않고 병원에 다니면서 치료를 받는 것.

또는 입원하지 않고 병원에 다니면서 치료를 받는 환자를 말하기도 해요.
이렇게 쓰여요 😀 머리가 아파서 병원에 갔는데, 의사 선생님이 외래 진료를 추천하셨어.
😦 그럼 이제 병원에 자주 가게 되겠다."
역학조사,"이런 뜻이에요 감염병이 생긴 이유를 알아내는 일.

어떤 행동을 할 때 감염병이 생길 수 있는지, 감염병을 막기 위해서 어떤 행동을 해야 하는지 등을 알아볼 수 있어요.
이렇게 쓰여요 🤔 코로나19는 왜 생기는 걸까?
🤨 아직 역학조사 중이래! 곧 이유를 알 수 있지 않을까?"
마일리지,"이런 뜻이에요 실제 돈이 아닌 돈처럼 사용할 수 있는 점수.

주로 돈을 내고 물건을 사거나 서비스를 이용한 사람에게 주는 점수예요.

마일리지 서비스를 운영하는 곳에서 점수를 모아 돈처럼 사용할 수 있어요.
이렇게 쓰여요 😲 쇼핑몰에 마일리지가 벌써 이만큼이나 쌓였네!
😁 네가 요새 쇼핑몰에서 물건을 많이 샀나 보다~"
뇌우,"이런 뜻이에요 천둥, 번개와 함께 내리는 강한 비.

'천둥과 번개'를 뜻하는 한자 '뇌雷', '비'를 뜻하는 한자 '우雨'를 합쳐 만든 단어예요.
이렇게 쓰여요 😄 내일 꼭 우산 챙겨! 뇌우가 온대.
😲 앗 그렇구나. 장화도 신어야겠다."
후유증,"이런 뜻이에요 어떤 병을 앓거나, 어떤 일을 겪은 다음 남아 있는 흔적.

그 흔적은 몸에 남아 있을 수도 있고, 마음에 남아 있을 수도 있어요.

예를 들어, 병에 걸린 이후 한동안 상처가 남아 있거나 사랑하는 사람과 헤어진 뒤 마음이 울적한 것도 후유증이라고 해요.
이렇게 쓰여요 😷 한 달째 기침이 계속 나와. 콜록콜록.
😥 코로나19에 걸린 이후로 그런 거지? 후유증인가 봐."
표절,"이런 뜻이에요 다른 사람이 만든 것을 자기가 만든 것처럼 몰래 가져다 쓰는 행동.

노래, 그림, 소설 등 다양한 작품에서 표절이 일어나요. 다른 작품의 일부를 따라하는 것, 전부를 따라하는 것 모두 표절이에요.
이렇게 쓰여요 🤔 이 과자 말이야. 유명한 그 과자랑 비슷하지 않아?
😶 그러게. 이름도 비슷한데, 생긴 것도 비슷하다. 표절인가?"
탄단지,"이런 뜻이에요 탄수화물, 단백질, 지방.

탄수화물, 단백질, 지방은 우리 몸에 꼭 필요한 힘을 주는 영양소예요.

이 3가지 영양소인 탄수화물, 단백질, 지방을 한꺼번에 줄여 부르는 말이에요.
이렇게 쓰여요 😶 요즘 몸에 힘이 없어.
🤨 밥 먹을 때 탄단지 잘 챙겨서 먹어? 영양소를 잘 챙겨야 해."
아카이브,"이런 뜻이에요 자료를 정리해서 모아둔 것.

글, 사진, 영상 등 다양한 자료를 모아둘 수 있어요.

주로 같은 날짜에 만들어진 자료, 같은 주제의 자료 등 비슷한 종류의 자료를 묶어서 모아두어요.
이렇게 쓰여요 😏 예전의 서울은 어떤 모습이었는지 궁금하다.
😁 서울기록원에 가면 옛날에 찍은 사진들이 아카이브되어 있대. 거기 가서 보자!"
실온,"이런 뜻이에요 방 안의 온도.

단, 음식을 보관할 때 말하는 실온은 1도(℃)부터 35도(℃) 사이의 온도예요.

실온에서 보관하기 좋은 음식은 온도 변화에도 잘 상하지 않는 음식이에요.
이렇게 쓰여요 🤔 참치 캔을 선물 받았는데, 어디에 보관해야 할지 모르겠어. 😀 뚜껑을 열었다면 냉장고에 보관해야 하고, 아직 안 열었다면 실온에 보관해도 돼."
상온,"이런 뜻이에요 늘 일정한 온도.

단, 음식을 보관할 때 말하는 상온은 15도(℃)부터 25도(℃) 사이의 온도예요.

음식을 상온에서 보관하라고 하면, 온도 변화가 크지 않은 곳에 보관하라는 뜻이에요.
이렇게 쓰여요 🤔 요리하고 남은 감자를 어디다 둬야 하지?
😀 감자는 차가운 곳에 두는 것보다 상온에 두는 게 좋대!"
멤버십,"이런 뜻이에요 단체에 속한 사람 또는 그 사람에게 주는 자격.

마트, 카페, 쇼핑몰 등 많은 곳에서 멤버십을 운영하고 있어요. 멤버십에 등록되어 있으면 할인 등 멤버십만을 위한 특별한 혜택을 받기도 해요.
이렇게 쓰여요 😎 배고프다. ○○ 피자 먹으러 가자!
😀 좋아! 나 ○○ 피자 가게 멤버십 있는데, 이게 있으면 더 싸게 먹을 수 있대."
일렬,"이런 뜻이에요 한 줄로 쭉 늘어선 줄.

사람들이 한 줄로 쭉 서있을 때, 자동차들이 한 줄로 쭉 주차되어 있을 때, 일렬로 늘어서 있다고 해요.
이렇게 쓰여요
(🚗 차 안에서)
🤔 주차장 벽에 ‘일렬 주차’라고 적혀 있는데, 주차를 어떻게 하면 되는 거지?
🤗 주차장 벽 옆에 나란히 주차하면 돼. 벽 옆에 한 줄로 쭉 늘어서 있는 차들 보이지? 우리도 저렇게 주차하자!"
더블링,"이런 뜻이에요
2배로 늘어났다는 뜻이에요.

어떤 숫자가 이전보다 2배로 커진 상황을 더블링이라고 해요.
‘2배’라는 뜻의 영어 ‘더블double’에서 나온 말이에요.
이렇게 쓰여요
😯 지난주에는 코로나 확진자가 100명이었는데, 이번주는 200명이 넘었네.
😟 더블링 상황이네. 코로나가 다시 유행할 것 같은데, 걸리지 않게 조심해야겠다."
약식명령,"이런 뜻이에요
범죄를 저질렀을 때, 법원에 가지 않고 벌금만 내라고 하는 명령이에요.

범죄자가 교도소에 가는 것보다 벌금을 내는 것이 더 알맞을 때, 법원이 범죄자에게 약식명령을 해요.
이렇게 쓰여요
😮 뉴스에서 봤는데, 정치인 ○○○이 약식명령을 받았대.
🤔 무슨 범죄를 저질렀는데? 그럼 법원에 가지 않고, 벌금만 내겠구나."
오픈런,"이런 뜻이에요
가게 문이 열리기를 기다렸다가 열리는 순간 뛰어 들어가는 것을 뜻해요.

‘열다’를 뜻하는 영어 ‘오픈open’과 ‘뛰다’를 뜻하는 영어 ‘런run’을 합쳐 만든 단어예요.
이렇게 쓰여요
🤔 오늘 무슨 행사가 있나? 가게 문 앞에 사람이 많네.
🤗 먼저 오는 100명에게 선물을 나눠준대. 다들 오픈런 하려고 기다리나 봐."
4강,"이런 뜻이에요 여러 팀이 경기를 한 뒤, 마지막까지 남은 4팀을 뜻해요.

마지막까지 남은 4팀이 치르는 경기는 ‘4강전’이라고 해요
이렇게 쓰여요
😁 이번 축구 경기에서 우리 팀이 4강에 올랐어!
😆 4강에서 이기면 결승이네! 남은 경기도 응원할게~"
신기록,"이런 뜻이에요
원래 기록보다 더 나은 기록을 새롭게 세운다는 뜻이에요.

주로 스포츠 경기, 시합 등에서 많이 쓰이는 말이에요.
‘신기록’의 ‘신新’은 ‘새롭다’라는 뜻의 한자예요.
이렇게 쓰여요
🥳 이번에 그 수영 선수가 신기록을 세웠대.
😮 우와 그 선수는 시합에 나갈 때마다 신기록을 세우네!"
도어스테핑,"이런 뜻이에요
누군가의 정보를 얻기 위해 그 사람의 집 문 앞에서 이야기하는 것을 뜻해요.

주로 기자가 정치인, 연예인 등 주목받는 사람들의 집, 일하는 곳 등에 찾아가서 이야기를 요청해요.
이렇게 쓰여요
😄 오늘 국회 앞을 지나가다가 우연히 도어스테핑 하는 모습을 봤어.
🤔 오오, 어떤 정치인이 이야기하고 있었어?"
지하화,"이런 뜻이에요 도로, 철도, 전깃줄 등을 땅속에 만든다는 뜻이에요. 

주로 도로, 철도, 전봇대의 전깃줄처럼 땅 위에 만들려면 넓은 공간이 필요한 것들을 땅속에 만들어요. 

이미 땅 위에 있는 것들을 땅속으로 옮기는 것도 ‘지하화’라고 해요.
이렇게 쓰여요
😲 우와, 이 동네는 거리에 전봇대가 하나도 없네?
😀 지하화해서 그래! 전깃줄을 모두 땅속에 넣어서 전봇대가 없어진 거야."
사이버불링,"이런 뜻이에요
인터넷, SNS에서 험한 말과 욕으로 다른 사람을 괴롭히는 것이에요.

'인터넷'을 뜻하는 '사이버Cyber'와 '따돌림∙괴롭힘'을 뜻하는 단어 '불링Bullying'을 합쳐서 만든 단어예요.
이렇게 쓰여요 😢 요즘 내 SNS 게시글에 계속 욕이 담긴 댓글이 달려. 같은 학교 사람들이 댓글을 다는 것 같아.
😡 그거 완전 사이버불링이잖아! 바로 신고하자."
한증막,"이런 뜻이에요
높은 온도로 몸을 뜨겁게 해서 땀을 흘리도록 만드는 공간이에요.

주로 사우나나 찜질방 건물 안에 있어요.
사람이 여러 명 들어갈 수 있는 커다란 굴처럼 생겼고, 문이 달려 있어요.
이렇게 쓰여요
😂 요새 신경 쓸 일이 많아서 너무 피곤해.
🤗 이번 주말에 한증막 갈까?"
하프스페이스,"이런 뜻이에요 축구 경기장을 5곳으로 나누었을 때, 가운데와 양쪽 끝 사이에 있는 공간을 뜻해요.


이렇게 쓰여요
(⚽️ 축구 경기를 보면서)
😤 내가 응원하는 선수가 상대편 골대 쪽
하프스페이스로 뛰어들어 가고 있어!
😆 하프스페이스에서는 골을 넣을 수 있는
좋은 기회가 많이 생긴대. 곧 골이 들어갈 수도 있겠다!"
반송불요,"이런 뜻이에요
돌려보내지 않아도 된다는 뜻이에요.

우편물*, 택배에 적혀 있어요. 우편물, 택배를 보낸 사람이
다시 돌려받기를 원하지 않을 때 쓰는 말이에요.

‘반송返送’은 다시 돌려보낸다는 뜻이고,
‘불요不要’는 필요하지 않다는 뜻이에요.

*우편물 : 편지 등 우체국에서 배달하는 물건
이렇게 쓰여요 🤔 편지가 왔는데 받는 사람 이름이 내 이름이 아니야.
보낸 사람한테 다시 돌려보내 줘야겠지?
😎 아니! 반송불요라고 적혀 있으니까 그냥 버리면 돼."
상이군경,"이런 뜻이에요
전쟁에 참여하거나 일을 하다가 다친 군인이나 경찰을 뜻해요.

다쳤다는 걸 뜻하는 ‘상이傷痍’와 군인과 경찰을 뜻하는 ‘군경軍警’을 합쳐서 만든 말이에요.
이렇게 쓰여요
😶 우리 할아버지는 6.25전쟁 때 다친 군인이셔.
😥 할아버지가 상이군경이시구나."
비상전실,"이런 뜻이에요 갑작스러운 재난 상황이 생겼을 때, 피할 수 있도록 만들어둔 공간이에요.

주로 계단이나 엘리베이터로 가기 직전에 있고, 비상전실을 위한 문이 따로 있어요.

예를 들어, 건물에 불이 났을 때, 비상전실로 가서 문을 닫으면 불이 퍼지는 것을 막을 수 있어요.
이렇게 쓰여요 😖 건물에 불이 났대! 어디로 가야 안전할까?
😤 비상전실이라고 쓰여 있는 곳을 찾아보자!
불이 났을 때 불길이 잘 퍼지지 않는 곳이래~"
싱크로율,"이런 뜻이에요 두 가지를 비교할 때, 서로 얼마나 닮았는지 나타내는 말이에요. 닮은 정도, 비슷한 정도를 뜻해요.

주로 소설이나 웹툰을 드라마나 영화로 만들었을 때 원래 소설, 웹툰과 얼마나 비슷한지 표현하며 사용해요.

예를 들어, 웹툰 속 캐릭터와 영화 속 주인공의 외모, 행동 등이 많이 닮았을 때, 싱크로율이 높다고 해요. 반대로 별로 비슷하지 않으면 싱크로율이 낮다고 해요.
이렇게 쓰여요 🤗 내가 좋아하던 그 웹툰이 이번에 드라마로 만들어졌대!
😮 그거 나도 좋아해! 드라마에 나오는 배우가 웹툰 속 캐릭터랑 엄청 닮았더라. 싱크로율이 아주 높던걸?"
공회전,"이런 뜻이에요
기계가 켜진 상태로 움직이지 않고 그냥 있는 것을 뜻해요.

‘자동차 공회전’이라는 표현으로 많이 쓰여요. 자동차 공회전’이란 시동을 건 후 운전하지 않고 차를 가만히 놔둔 상태를 뜻해요.
이렇게 쓰여요
(🚗 차 안에서)
🤔 잠깐 마트에 장 보러 다녀오자. 시동은 그냥 켜놓고 가도 되겠지?
🤨 시동은 끄고 가자! 공회전하면 자동차가 빨리 고장 나고 환경에도 안 좋대~"
발레파킹,"이런 뜻이에요
다른 사람이 대신 주차해 주는 것을 뜻해요.

‘다른 사람의 일을 대신 해주는 사람’을 뜻하는 단어 ‘발레valet’와 ‘주차’를 뜻하는 단어 ‘파킹parking’을 합쳐서 만든 단어예요.
이렇게 쓰여요 🥺 식당 도착했다! 근데 나는 주차를 잘 못하는데 어떡하지?
🤗 걱정 마! 이 식당은 발레파킹을 해준대~"
이익,"이런 뜻이에요 가진 게 더 많아지는 것을 말해요.

주로 돈이나 물건이 많아질 때 사용해요. 돈이나 물건뿐만 아니라 지식 등이 늘어날 때도 사용할 수 있어요.
이렇게 쓰여요
😄 우리 함께 모여서 공부할까?
모르는 부분은 서로 가르쳐 주자.
🥰 좋아. 서로에게 이익이 되겠다!

😄 나 길에서 천 원 주웠다!
🥳 축하해! 소소한 이익이 생겼네~"
안팎,"이런 뜻이에요
안쪽과 바깥쪽을 함께 부르는 말이에요.

건물이나 물건의 안과 밖, 사람의 속마음과 겉모습 등 다양한 상황에 쓸 수 있어요.

특히 숫자 뒤에 쓰일 때는 그 숫자보다 조금 모자라거나 넘치는 걸 뜻해요.
이렇게 쓰여요
🤔 내일 비가 얼마나 내릴까?
😐 5mm(밀리미터) 안팎이래.
5mm보다 덜 내릴 수도 있고, 더 내릴 수도 있겠다.

😗 오늘 집 청소하는 날이지?
🙂 응, 집 안팎을 깨끗이 쓸고 닦자!"
급제동,"이런 뜻이에요
갑자기 멈추는 것을 뜻해요.

‘급하다’를 뜻하는 한자 ‘급急’과 ‘멈춤’을 뜻하는 한자 ‘제동制動’을 합쳐 만든 말이에요.

주로 달리던 자동차가 갑자기 멈춰 설 때 쓰는 말이에요. 한창 진행 중인 일이 갑자기 멈춘 상황에서도 사용할 수 있어요.
이렇게 쓰여요
😲 팔 많이 아프겠다. 어쩌다가 다친 거야?
😭 버스가 급제동하면서 넘어지는 바람에 다쳤어."
수방,"이런 뜻이에요
물 때문에 생기는 피해를 막는 것을 뜻해요.

주로 비가 많이 오는 장마철에 물이 크게 불어나서 피해가 생기곤 해요. 비가 많이 오면 강이나 바다의 물이 평소보다 많아져요.

물이 안전한 정도보다 더 높이 차오르면, 위험한 일이 일어나기도 합니다. 다리나 집 등이 물속에 잠기거나 산이 무너져서 피해가 생깁니다.
이렇게 쓰여요
😯 올 여름에는 비가 많이 내릴 예정이래.
🤗 물이 넘치는 곳은 없는지 수방 대책을 잘 세워야겠다.

😟 장마로 강물이 불어나서 논밭이 물에 잠기면 어떡하지?
🤗 우리 동네는 수방 시설이 잘 되어 있으니 걱정 마."
투척,"이런 뜻이에요
물건 등을 던진다는 뜻이에요.

쓰레기 투척, 폭탄 투척, 돌 투척 등 무엇인가를 던질 때 사용해요.
이렇게 쓰여요 ☹️ 어제 옆 동네 산에 불났다는 이야기 들었어? 산이 다 타버렸더라.
😥 누가 등산하다가 담배꽁초를 투척해서 생긴 일이래. 쓰레기는 함부로 버리면 안 돼."
○○○ 리터러시,"이런 뜻이에요 ○○○의 정보를 이해하고 활용할 수 있는 능력이에요.

주변을 둘러보면 아주 다양한 정보가 있어요. 책, 문서뿐만 아니라 TV, 컴퓨터 속에도 정보가 있죠.

우리에게 글, 영상 등 다양한 모습의 정보를 이해하는 일이 점점 더 중요해지고 있어요.

원래 리터러시의 뜻은 글을 읽고 쓸 줄 아는 능력이에요. 리터러시를 한국어로는 '문해력文解力'이라고 해요.
이렇게 쓰여요 - 컴퓨터 리터러시 : 컴퓨터를 이해하고 사용할 수 있는 능력
- 디지털 리터러시 : 디지털 기기를 활용해 원하는 일을 하고 필요한 정보를 얻을 수 있는 능력"
래플,"이런 뜻이에요
추첨을 통해 물건을 살 기회를 주는 것이에요.

주로 쇼핑몰에서 인기가 많은 물건을 팔 때 사용하는 방법이에요. 파는 물건 수는 적은데 사고 싶어 하는 사람이 많기 때문이죠.
만약 내가 래플에 당첨된다면, 어떤 물건을 살 수 있는 기회가 생겨요. 래플에 당첨되지 않는다면, 어떤 물건을 사기 어려워져요.
이렇게 쓰여요
😎 나 이번에 래플에 당첨되었어!
🥳 축하해! 사고 싶어 했던 그 운동화, 꼭 샀으면 좋겠다~"
대합실,"이런 뜻이에요
기차, 버스 등을 기다리는 곳이에요.

기차역, 버스 터미널 같은 교통 시설 안에 있어요.
대합실에는 보통 여러 사람이 앉을 수 있는 의자가 놓여있어요. 의자에 앉아 누군가를 기다리기도 하고, 기차나 버스를 타기 전에 잠깐 쉬기도 해요.
이렇게 쓰여요 📞 곧 기차역에 도착해. 우리 어디서 만날까?
🙋‍♀️ 나 지금 기차역 대합실에 있어. 여기로 와!"
범례,"이런 뜻이에요
어떤 정보를 참고하라는 뜻이에요.

주로 지도의 한 부분, 책의 첫 부분에 나와 있어요. 지도를 보는 방법, 책을 읽는 방법 등을 설명해 놓은 글이나 그림이에요.
범례를 보면, 지도, 책에 나오는 그림, 기호가 무엇을 뜻하는지 등의 정보를 알 수 있어요.
이렇게 쓰여요
🤔 엘리베이터를 타고 싶은데, 지도를 봐도 엘리베이터가 어디에 있는지 모르겠어...
🤗 그럴 때는 지도에서 범례를 보면 돼. 지도를 더 쉽게 볼 수 있게 해주는 정보가 나와 있거든!

아래 사진에서 지도의 범례를 확인해 볼 수 있어요. 범례를 보면, 이 지도에서 엘리베이터가 어떤 모습으로 그려져 있는지 알 수 있죠."
밸런스 게임,"이런 뜻이에요
2개의 선택지 중에서 1개를 선택하는 게임이에요.

음식, 취미, 연애, 직장 생활 등 다양한 주제의 게임이 있어요.
선택하기 쉬운 게임도 있고, 어려운 게임도 있어요.
이렇게 쓰여요 밸런스 게임은 이런 게임이에요.

🧐 평생 짜장면만 먹기, 아니면 짬뽕만 먹기! 평생 1가지 음식만 먹어야 한다면 어떤 음식을 고를래?
🤔 헉! 고르기 너무 어렵다... 하지만 나는 짬뽕보다 짜장면을 더 좋아하니까 짜장면!"
소상공인,"이런 뜻이에요 직원이 1~10명인 회사, 가게, 식당 등을 운영하는 사람이에요.

회사, 가게, 식당 등이 하는 일에 따라 직원 수가 조금씩 다를 수 있어요.
이렇게 쓰여요 😊 내 고모는 직원이 4명인 식당을 운영하고 계셔.
😮 고모가 소상공인이시구나. 정부에서 곧 소상공인에 대한 지원금을 늘릴 거래!"
취존,"이런 뜻이에요 취향을 존중한다는 뜻이에요.

다른 사람이 좋아하는 것을 내가 존중하거나, 내가 좋아하는 것을 다른 사람에게 존중받고 싶을 때 사용해요.
이렇게 쓰여요 🤔 평양냉면이 뭐가 맛있어? 나는 못 먹겠더라.
😡 좋아하는 게 서로 다를 수도 있지! 취존 좀 해줄래?"
변이 바이러스,"이런 뜻이에요 어떤 바이러스가 이전과 다르게 변해서 생긴 새로운 바이러스를 뜻해요.

*바이러스 : 눈에 보이지 않을 정도로 작다. 식물, 동물, 사람의 세포에 들어가 병을 일으킨다.
이렇게 쓰여요 변이 바이러스 확산에 새로운 환자 급증 "
중도층,"이런 뜻이에요 어떤 정당, 어떤 후보자에게 마음이 치우치지 않는 사람들을 뜻해요.

선거에서 많이 쓰는 말이에요. 중도층의 마음을 사로잡으면 투표에서 많은 표를 얻을 수 있어요.
이렇게 쓰여요 어떤 후보자가 중도층의 마음을 사로잡을까?"
승강기,"이런 뜻이에요 사람이나 물건을 위아래로 이동시켜 주는 장치예요.

'엘리베이터'라고도 불러요.
이렇게 쓰여요 장애인 등 교통 약자를 위해 지하철역마다 승강기를 설치해야 한다."
수제 ○○,"이런 뜻이에요 손으로 직접 만든 음식이나 물건이라는 뜻이에요.

수제 쿠키, 수제 딸기잼 등 음식이나 물건 앞에 '수제'라는 말을 붙여서 써요.
이렇게 쓰여요 🤔 이 술집은 처음 와봤어. 어떤 술이 맛있으려나?
🤗 여기는 수제 맥주가 맛있대."
민초단,"이런 뜻이에요 민트 초코 맛을 좋아하는 사람들을 뜻해요.

‘민트 초코’를 줄인 '민초', ‘단체’를 뜻하는 '단'을 합쳐 만든 말이에요. 반대로 민트 초코 맛을 싫어하는 사람들은 ‘반민초단’이라고 불러요.
이렇게 쓰여요 😨 민트 초코 맛 아이스크림을 왜 좋아하지? 치약 맛이랑 비슷해서 나는 못 먹겠던데.
😜 너 반민초단이구나? 나는 민초단인데!"
마상,"이런 뜻이에요  '마음의 상처'를 줄여서 부르는 말이에요.
이렇게 쓰여요 😭 너 어떻게 내 전화를 안 받을 수가 있어? 완전 마상이야...
😅 미안해. 일이 너무 바빠서 전화 온 걸 못 봤어!"
리모델링,"이런 뜻이에요 낡고 오래된 아파트, 주택 등을 더 살기 좋게 고치고 바꾸는 일이에요.

사람이 사는 곳이 아닌 건물도 리모델링을 할 수 있어요.
이렇게 쓰여요 파주의 ○○○ 휴게소가 리모델링을 마치고 다음 달 30일에 다시 문을 엽니다."
리유저블,"이런 뜻이에요 여러 번 다시 사용할 수 있다는 뜻이에요.

환경을 보호할 수 있기 때문에 여러 번 다시 사용할 수 있는 물건이 인기를 끌고 있어요.
이렇게 쓰여요 🥺 일회용 컵은 한 번밖에 못 써서 별로야.
🤗 맞아. 나처럼 리유저블 컵을 써보는 건 어때?"
시차,"이런 뜻이에요 서로 다른 나라 사이에 시간 차이가 있는 것을 말해요.

한국이 오전 10시일 때 미국은 오후 9시예요.
이렇게 쓰여요 😵 프랑스 여행 갔다 왔더니 시차 적응이 안 되네."
여야,"이런 뜻이에요 여당과 야당을 합쳐서 부르는 말이에요.

어떤 당에서 대통령이 나왔으면 그 당이 여당이에요. 야당은 여당이 아닌 당을 말해요.
이렇게 쓰여요 😄 올해에는 대통령 선거가 있네!
🤔 여야가 선거 준비로 아주 바쁘겠구나."
워라밸,"이런 뜻이에요 직장에서 일하는 시간과 퇴근 후에 보내는 시간이 서로 적당히 균형을 이루고 있다는 뜻이에요.

'일'이라는 뜻을 가진 '워크work', '삶'이라는 뜻을 가진 '라이프life', '균형'이라는 뜻을 가진 '밸런스balance'를 합쳐 만든 영어 단어 '워크 라이프 밸런스'의 줄임말이에요.
이렇게 쓰여요 😣 지금 회사는 야근을 너무 많이 해서 워라밸이 안 좋아.
😥 힘들겠다… 일찍 퇴근하고 잘 쉬어야 하는데!"
자기결정권,"이런 뜻이에요 자신과 관련된 일은 스스로 결정할 수 있는 권리예요.

무언가를 결정할 때, 다른 사람의 의견보다는 자신이 무얼 원하는지, 무엇을 하고 싶은지를 중요하게 생각하는 거예요.
이렇게 쓰여요 1979년 UN유엔은 여성차별철폐협약을 통해 여성의 성적 자기결정권을 확립했다."
탄소중립,"이런 뜻이에요
탄소가 만들어진 만큼 탄소를 줄이려는 노력을 말해요.

탄소는 아주 작아서 눈에 보이진 않지만, 공기 중에 있어요. 일상생활에서 조금씩 생겨나죠. 방에 불을 켜거나 자동차를 탈 때, 공장에서 물건을 만들 때도요. 

탄소가 많이 생기면, 지구의 온도가 높아져서 사람, 동물, 식물 등 생물이 살기 어려워져요. 일회용품 사용하지 않기, 나무 심기 등 다양한 방법으로 탄소를 줄일 수 있어요.
이렇게 쓰여요 😥 빙하가 다 녹아서 북극곰이 살 곳이 사라지고 있대.
😤 그래서 탄소중립이 중요해. 지구를 지키기 위해 우리 일단 일회용품 사용을 줄여보자!"
덕질,"이런 뜻이에요 어떤 사람이나 콘텐츠를 남들보다 훨씬 많이 좋아하는 거예요.

덕질을 하는 사람은 자신이 좋아하는 것을 열심히 찾고 모으곤 해요.
이렇게 쓰여요 😍 나 요새 ○○○ 가수한테 완전 빠졌어.
🤩 헉! 나 ○○○ 가수 덕질한 지 벌써 4년째야. 앨범도 다 샀어!"
리즈 시절,"이런 뜻이에요 어떤 사람이 가장 잘 나가던 시절을 뜻해요.

과거를 다시 떠올려 봤을 때, 기분 좋고 만족스러운 시절도 리즈 시절이 될 수 있어요.

*시절 : 어떤 시기나 때
이렇게 쓰여요 나의 리즈 시절은 처음이자 마지막으로 전교 1등을 했던 중학교 3학년 때이다."
밀키트,"이런 뜻이에요 어떤 음식을 만들어 먹을 때 필요한 재료, 양념 등을 모두 모아놓은 제품이에요.

'식사'를 뜻하는 밀meal과 '세트'를 뜻하는 '키트kit'를 합쳐 만든 말이에요.
이렇게 쓰여요 😫 파스타 만들어 먹고 싶은데 요리하기 너무 귀찮아...
🤗 파스타 밀키트를 주문해 보는 건 어때?"
브이로그,"이런 뜻이에요 일상을 담은 영상을 뜻해요.

'비디오video'의 '브이v'와 '블로그blog'의 '로그log'를 합쳐서 만든 말이에요.
이렇게 쓰여요 🤔 요새 너무 볼 게 없다. 재밌는 영상 좀 추천해 줄래?
🤗 브이로그는 어때? 평범한 일상을 담은 영상이어서 마음이 편안해져!"
연대,"이런 뜻이에요 여러 사람의 마음이 서로 연결되어 함께 힘을 모으는 거예요.

혼자서 이겨내기 힘든 일이 생겼을 때, 힘을 합치고 서로를 돕기 위해 연대해요.
이렇게 쓰여요 전쟁 중인 우크라이나를 향한 연대가 절실하다."
팩트 체크,"이런 뜻이에요 정보가 사실인지 아닌지 확인하는 일이에요.
이렇게 쓰여요 가짜 뉴스 팩트 체크"
블랙 프라이데이,"이런 뜻이에요 매년 11월의 마지막 주 금요일이고, 물건을 아주 싸게 파는 날이에요.

줄여서 '블프'라고 부르기도 해요.
이렇게 쓰여요 🥺 장갑을 사고 싶은데 돈이 너무 없어...
🤗 다음 주에 블랙 프라이데이니까 싸게 살 수 있을 거야!"
노쇼,"이런 뜻이에요 예약한 시간에 연락 없이 오지 않는 것을 뜻해요.
이렇게 쓰여요 😴 식당 예약해 놨는데 너무 졸리다. 그냥 가지 말까?
😨 그러면 안 돼! 노쇼 때문에 식당 주인이 피해를 보잖아."
역주행,"이런 뜻이에요
예전에 나온 노래, 영상 등이 뒤늦게 인기를 누린다는 뜻이에요. 

보통 시간이 지나면 인기가 떨어지는데, 오히려 인기가 많아질 때 쓰는 표현이에요.

'역주행'은 원래 도로 등에서 자동차가 가야 하는 방향과 반대로 가는 걸 뜻해요. 모두 오른쪽으로 가고 있는데, 혼자 왼쪽으로 가면 역주행을 하고 있는 거죠.
이렇게 쓰여요 😍 이 노래는 나온 지 5년 된 노래인데, 이제서야 갑자기 엄청난 인기를 끌고 있어!
😲 완전 역주행이네! 나도 들어봐야겠다."
호재,"이런 뜻이에요 좋은 일이 일어날 만한 조건, 상황을 말해요.

반대로 안 좋은 일이 일어날 것 같다면 '악재'라고 불러요.
이렇게 쓰여요 · 나가야 되는데 눈이 그쳤다니 호재다!
· 그 회사에서 새로 나온 상품이 곧 나온다는 건 호재야."
인구 절벽,"이런 뜻이에요 아이가 적게 태어나서 일할 수 있는 사람의 수가 줄고, 나이 든 사람이 아주 많아지는 상황을 뜻해요.

절벽에서 떨어지는 것처럼 사람의 수가 확 줄어든다고 해서 '절벽'이라는 표현을 썼대요.
이렇게 쓰여요 인구 절벽, 대한민국이 늙어간다."
유니섹스,"이런 뜻이에요 옷차림이나 머리 모양에 성별의 구별이 없는 것을 뜻해요.
이렇게 쓰여요 누구에게나 어울리는 유니섹스 티셔츠"
불멍,"이런 뜻이에요 장작이 불에 타는 모습을 바라보며 멍하게 있는 것을 뜻해요.

캠핑 등을 가서 불멍을 즐기는 사람들이 많아졌어요.
이렇게 쓰여요 😮 나는 캠핑 가서 모닥불을 가만히 바라보고 있는 게 좋더라.
😊 불멍을 좋아하는구나? 불을 바라보고 있으면 왠지 마음이 편안해지지."
베테랑,"이런 뜻이에요 어떤 일을 오랫동안 해와서 실력이 좋은 사람을 뜻해요.

베테랑은 경험이 많고 능숙한 사람이죠.
이렇게 쓰여요 베테랑 선수 : 운동 경기에 참여한 경험이 많아서 경기를 잘하는 선수"
바이브,"이런 뜻이에요 어떤 공간 등에서 느껴지는 분위기를 뜻해요.

바이브vibe는 영어로 '분위기', '느낌'이라는 뜻이이에요.
이렇게 쓰여요 · 을지로 바이브 : 오래된 골목 사이에 멋스럽고 세련된 장소가 많은 을지로만의 분위기.
· 포장마차 바이브 : 빨간 천막 사이로 사람들의 대화 소리가 들리는 포장마차만의 분위기."
미니멀리즘,"이런 뜻이에요 복잡한 것보다는 단순한 것이 더 좋다고 생각하는 방식이에요.

화려한 무늬의 옷보다는 단순한 무늬의 옷을 더 좋아하는 것도, 방이 복잡해지지 않도록 물건을 적게 사는 것도 미니멀리즘이에요. 반대로 단순한 것보다 복잡한 것이 더 좋다고 생각하는 방식은 ‘맥시멀리즘’이라고 불러요.
이렇게 쓰여요 😎 나는 검은색 옷이 복잡하지 않고 단순해서 좋더라.
😲 미니멀리즘 패션을 좋아하는구나!"
내달,"이런 뜻이에요
다음 달을 뜻하는 말이에요.

지금이 6월이면 내달은 7월을 뜻해요.
이렇게 쓰여요 행사가 내달 10일까지 이어집니다."
금주,"이런 뜻이에요
이번 주를 뜻하는 말이에요.

금주 목요일이면 이번 주 목요일을 뜻해요.
이렇게 쓰여요 이번 작업은 금주 안에 마감해 주셔야 합니다."
연패,"이런 뜻이에요 1) 운동 경기에서 한 팀 또는 한 선수가 계속해서 이기는 걸 뜻해요.
2) 운동 경기에서 한 팀 또는 한 선수가 계속해서 지는 걸 뜻해요.

'연패'는 뜻이 2개예요. 계속해서 이기는 걸 뜻하는 '연패'의 '패霸'와 계속해서 지는 걸 뜻하는 '연패'의 '패敗'가 서로 다른 한자이기 때문이에요.
이렇게 쓰여요 🥳 내가 응원하는 축구 팀이 10연패 중이야! 계속 이기고 있어! 😭 내가 응원하는 야구 팀은 10연패 중이야... 계속 지고 있어..."
휴면 계정,"이런 뜻이에요 오랫동안 쓰지 않아서 사용할 수 없게 된 계정, 아이디ID예요.

홈페이지나 메일 이용을 오랫동안 안 하다 보면 일정 기간이 지나서 휴면 계정으로 바뀌어요. 물론 다시 사용하고 싶다면 '전환' 신청을 하면 돼요.
이렇게 쓰여요 · 이 메일을 한동안 안 썼더니 휴면 계정이 됐네!
· 이 쇼핑 사이트는 30일 동안 이용하지 않으면 휴면 계정으로 바뀐대!"
패키지,"이런 뜻이에요 여러 가지 제품이나 서비스를 하나로 묶어서 세트로 파는 거예요.
이렇게 쓰여요 · 동남아시아 패키지 여행으로 동남아시아 여러 곳을 쉽고 편하게 여행하실 수 있어요!
· ○○ 카페의 패키지 상품이 출시되었습니다. 패키지에는 원두커피 3종류, 머그컵 1개가 포함되어 있습니다."
섬네일,"이런 뜻이에요 어떤 콘텐츠를 대표하는 작은 크기의 이미지예요.
이렇게 쓰여요
🧐 섬네일만 봐도 영상의 내용을 예상할 수 있어서 편해!
🤗 맞아. 나는 섬네일에 영상의 제목이 크게 들어가 있는 걸 좋아해."
인플루언서,"이런 뜻이에요 인스타그램, 페이스북, 유튜브 등 SNS에서 많은 사람의 관심을 받고, 영향을 주는 사람을 뜻해요.
이렇게 쓰여요 뷰티 인플루언서의 추천템! 이 화장품 한번 사용해 보세요."
비혼,"이런 뜻이에요 결혼을 안 했다는 뜻이에요.

결혼할 생각이 없는 사람을 ‘비혼주의자’라고 불러요.
이렇게 쓰여요 🤔 나는 결혼을 왜 해야 하는지 잘 모르겠어.
🤗 꼭 하지 않아도 돼. 요새는 비혼주의자가 많아!"
번아웃,"이런 뜻이에요 더 이상 어떤 일도 하기 힘들 만큼 지친 상태를 뜻해요.
이렇게 쓰여요 🥺 나 번아웃이 왔나 봐. 아무것도 하기 싫어.
🤗 그럴 때는 잠을 많이 자고 푹 쉬어야 해."
노면,"이런 뜻이에요 길바닥의 겉 부분이에요.

걷거나 자동차가 지나다닐 때 발이나 자동차 바퀴가 닿는 부분이죠.
이렇게 쓰여요 😫 노면이 엄청 울퉁불퉁해.
😳 맞아. 자전거 타기에는 너무 불편한 길이야."
라인업,"이런 뜻이에요 여러 사람이나 물건을 한 줄로 세우는 거예요.

어떤 사람들이 있는지, 어떤 물건들이 있는지 발표할 때, 라인업을 공개한다고 말해요.
이렇게 쓰여요 · 제품 라인업 : 기업에서 이번에 새로 만들어 판매하기로 한 제품들
· 드라마 라인업 : 방송국에서 이번에 방송하기로 한 드라마들
· 스타팅 라인업 : 스포츠 경기에 먼저 나가기로 정한 선수들"
기후 위기,"이런 뜻이에요 지구가 뜨거워져서 날씨가 갑자기 크게 변하는 위험한 상황이에요.

기후 위기 때문에 지구에 있는 사람, 동물, 식물 등 생물이 살기 어려워져요. 날씨가 너무 더워지거나 비가 너무 많이 내리는 것도 기후 위기 때문이에요.
이렇게 쓰여요 🥵 아직 4월밖에 안 됐는데 왜 이렇게 덥지?
🥺 기후 위기 때문이야! 지구를 이렇게 내버려 두면 안 돼!"""
계도 기간,"이런 뜻이에요 법이나 정책을 새로 만들거나 바꾸었을 때, 사람들이 새로운 법과 정책에 적응할 수 있도록 주는 기간이에요.
이렇게 쓰여요 다음 달부터는 카페에서 일회용품을 사용할 수 없다. 하지만 이번 달까지는 계도 기간이어서, 아직까지는 일회용품을 사용할 수 있다."
TMI,"이런 뜻이에요 '티엠아이'라고 읽어요. 너무 많은 정보를 뜻해요.

내가 물어보지 않은 정보를 상대방이 알려줄 때 농담처럼 쓰는 말이에요.
이렇게 쓰여요 🤗 나 7살 때 우유 마시다가 코로 우유 나온 적 있어.
🤔 너무 TMI다..."
MZ세대,"이런 뜻이에요
'엠제트세대' 또는 '엠지세대'라고 읽어요. 1980년쯤부터 2000년쯤까지 사이에 태어난 사람들이에요.

밀레니얼 세대와 제트세대를 합쳐서 MZ세대라고 불러요.

*세대 : 같은 시대에 살고 있는 비슷한 나이의 사람들. 세대가 같으면 생각하는 방식도 비슷한 편이다.
이렇게 쓰여요
🤔 MZ세대는 어떤 특징을 갖고 있어?
🤗 어렸을 때부터 사용했기 때문에 컴퓨터, 스마트폰에 익숙해. 자기 자신의 행복과 자유로운 삶을 중요하게 생각하는 편이야!"
MBTI,"이런 뜻이에요
'엠비티아이'라고 읽어요. 내가 어떤 성격을 갖고 있는지 알려주는 성격 검사예요.

세상에는 여러 종류의 성격 검사가 있는데, MBTI는 사람의 성격을 크게 16가지로 나눠요. 검사 결과는 INFP, ESTJ 등 4개의 영어 글자로 나와요. 다른 검사보다 쉽고 간단한 편이어서 많은 사람들이 받고 있어요.
이렇게 쓰여요
🤔 너는 MBTI가 뭐야?
😎 나는 ENFP야. 너는?"
○○뷰,"이런 뜻이에요 ○○이 보이는 풍경을 뜻해요.

‘한강뷰’는 한강이 보이는 풍경이에요. '한강뷰 카페'는 한강 풍경이 잘 보이는 카페를 의미해요.

*뷰view : '보다'라는 뜻의 영어 단어. '풍경'이라는 뜻도 갖고 있다.
이렇게 쓰여요 🤔 이번 여름휴가 때 어디로 놀러가면 좋을까?
🌊 동해가 보이는 바다뷰 숙소에 가고 싶어!"
국룰,"이런 뜻이에요 당연한 일이나 규칙을 뜻해요.

'나라'를 뜻하는 '국國'과 '규칙'을 뜻하는 '룰rule'을 합쳐서 만든 말이에요. 국민 대부분이 받아들일 만큼 누구나 인정하는 규칙을 뜻한답니다.
이렇게 쓰여요 🥰 피자는 맥주랑 같이 먹는 게 국룰이지!"
모니터링,"이런 뜻이에요 어떤 활동, 행동을 자세히 알아보고 싶을 때, 관찰하고 살펴보는 일이에요.

'관찰하다'라는 뜻을 가진 '모니터monitor'가 단어 안에 들어있어요.
이렇게 쓰여요 · 스마트워치로 건강을 모니터링하다!
· 코로나19 환자를 모니터링하는 의료진"
무공해,"이런 뜻이에요 무공해는 자연이나 사람에게 피해를 주지 않는다는 뜻이에요.

'없음'을 뜻하는 '무無'가 '공해' 앞에 붙어서 공해가 없다는 걸 뜻해요. '공해’는 교통, 산업이 발달하면서 사람을 포함한 생물이 입는 피해를 말해요. 자동차에서 나오는 가스, 공장에서 흘러나오는 더러운 물 등 때문에 발생해요.
이렇게 쓰여요 · 무공해 농약
· 무공해 농산물
· 무공해 플라스틱
· 무공해 자동차
· 무공해 에너지"
안티에이징,"이런 뜻이에요 나이가 들면서 피부가 처지거나 주름이 생기는 것을 막으려는 노력이에요.

주로 화장품에 자주 쓰이는 말이에요.
이렇게 쓰여요 안티에이징 화장품으로 피부를 건강하게 만들어 보세요!"
호캉스,"이런 뜻이에요 호텔에서 즐기는 휴가를 말해요.

'호텔hotel'과 휴가를 뜻하는 '바캉스vacance'를 합친 말이에요. 여기저기 관광을 하기보다는 한곳에서 머물며 푹 쉬고 싶을 때 호캉스를 떠나죠.
이렇게 쓰여요 · 이번 여름에는 가족들과 호캉스를 가기로 했어.
· 호캉스 가려고 하는데 호텔 좀 추천해 줄래?"
콜라보,"이런 뜻이에요 둘이 힘을 합쳐 새로운 일을 하는 것을 말해요.

서로 다른 기업이 새로운 상품을 같이 만들거나, 한 가수가 다른 가수의 노래에 참여할 때 콜라보했다고 이야기해요. 영어 콜라보레이션collaboration의 줄임말이에요.
이렇게 쓰여요 · 아이유랑 악동뮤지션이 콜라보한 노래 좋더라!
· 라면 회사랑 과자 회사가 콜라보한 감자칩이 나왔던데?"
쿠키 영상,"이런 뜻이에요 영화나 드라마 한 편이 다 끝난 후 나오는 짧은 영상을 말해요.

영화, 드라마에 담지 못한 또 다른 내용을 보여주기도 하고, 다음 편을 기대하게 만드는 내용이 나오기도 해요. 하지만 모든 영화, 드라마에 쿠키 영상이 나오는 것은 아니에요.
이렇게 쓰여요 😝 영화 끝났다! 배고프니까 얼른 밥 먹으러 가자!
😲 안 돼! 이 영화는 쿠키 영상이 있는 영화라서 바로 나가면 안 된다구!"
힙하다,"이런 뜻이에요 유행하는 게 무엇인지 잘 알면서도 자기만의 개성, 매력을 갖고 있다는 뜻이에요.

영어 단어 '힙hip'에 '-하다'를 붙인 말이죠. 원래 영어 힙hip의 뜻을 보통은 신체 부위(허리와 엉덩이 사이 부분)로 알고 있지만 '유행에 밝고 앞서 나간다'는 의미로도 쓰여요. 한마디로 새로움을 잘 알면서도 멋이 있는 것, 그런 사람에게 쓰는 말이에요.
이렇게 쓰여요 · (요즘 인기 많은 식당에서) 이 가게가 요즘 힙하대!
· (유행에 맞춰 옷을 잘 차려입은 친구에게) 너 오늘 이렇게 입으니까 힙하다!"
크리에이터,"이런 뜻이에요 콘텐츠를 만드는 사람이에요.

주로 유튜브 등 인터넷에 영상 콘텐츠를 만들어서 올리는 사람을 크리에이터라고 불러요.
이렇게 쓰여요 · 먹방 크리에이터 : 음식 먹는 모습을 영상으로 찍어 올리는 사람
· 게임 크리에이터 : 게임 하는 모습을 영상으로 찍어 올리는 사람"
차애,"이런 뜻이에요 가장 사랑하는 것이나 사람 바로 다음으로 사랑하는 것이나 사람을 뜻해요.

두 번째로 사랑하는 것이나 사람인 거죠. '둘째'를 뜻하는 한자 '차次', '사랑'을 뜻하는 한자 '애愛'를 합쳐 만든 단어예요. 가장 사랑하는 것이나 사람은 '최애'라고 불러요.
이렇게 쓰여요 🤗 내 최애 과자는 감자칩이야.
😍 헉! 나도 감자칩 완전 좋아해. 하지만 감자칩은 차애 과자고, 내 최애 과자는 초콜릿이야!"
팝업스토어,"이런 뜻이에요 사람들이 많이 찾는 장소에서 잠깐 동안 물건을 팔고, 정해진 기간이 끝나면 없어지는 가게예요.

'잠깐 떴다가 사라진다'는 뜻의 '팝업pop-up', '가게'를 뜻하는 '스토어store'를 합쳐 만든 말이에요.
이렇게 쓰여요 · ○○ 백화점 팝업스토어 오픈 행사
· 5월 10일까지 ○○ 브랜드 팝업스토어 진행합니다."
적자,"이런 뜻이에요 사용한 돈이 번 돈보다 많은 것을 뜻해요.

예전에는 사용한 돈과 번 돈을 가계부에 직접 기록했어요. 그런데 번 돈보다 더 많이 써서 돈이 부족해지면 빨간색 글자로 표시했다고 해요. '빨간색'을 뜻하는 한자 '적赤', '글자'를 뜻하는 한자 '자字'를 합쳐 만든 단어예요.
이렇게 쓰여요 😪 요새 이것저것 물건을 많이 샀더니 적자네요. 돈을 아껴야겠어요."
자동심장충격기,"이런 뜻이에요 사람의 심장이 멈췄을 때, 전기로 충격을 줘서 심장을 다시 뛰게 만드는 기계예요.

지하철역, 큰 건물 등에 있어요. '자동제세동기', 'AED에이이디'라고 부르기도 해요.
이렇게 쓰여요 심장이 멈춘 환자에게 소방대원들이 자동심장충격기를 사용해 심장을 다시 뛰게 만들었다."
인싸,"이런 뜻이에요 여러 사람들과 어울리는 걸 좋아하는 사람이에요.

'인사이더insider'라는 영어 단어를 줄여서 부르는 말이에요. 반대로 여러 사람들과 잘 어울리지 않는 사람은 '아웃사이더outsider' 혹은 '아싸'라고 부르기도 해요.
이렇게 쓰여요 😮 너 아는 사람 되게 많다. 완전 인싸네~"
스포,"이런 뜻이에요 영화, 소설 등의 중요한 내용이나 결말을 아직 모르는 사람에게 미리 알리는 것을 뜻해요.

영어 단어 '스포일러spoiler'의 줄임말이에요. 스포를 당하지 않도록 미리 막는 것을 ‘스포 방지’, 스포를 하지 말라고 이야기하는 것을 ‘스포 금지’라고 해요.
이렇게 쓰여요 😜 영화 <어벤져스> 진짜 대박이지 않아?
🤐 말하지 마... 나 아직 못 봤단 말이야. 스포 금지!"
결렬,"이런 뜻이에요 회의나 협상을 하다가 생각이 서로 달라서 갈라서게 된다는 뜻이에요.
이렇게 쓰여요 😫 이번에 ○○단체와 □ □ 단체의 의견이 모아지지 않아서 더 이상 회의를 진행하지 않기로 했대.
🤔 회의가 결렬됐구나..."
겉바속촉,"이런 뜻이에요 겉은 바삭하고 속은 촉촉하다는 뜻이에요.

튀김 요리처럼 껍질이 바삭하고 속이 촉촉한 음식에 많이 사용하는 말이에요.
이렇게 쓰여요 😍 여기 진짜 야채 튀김 맛집이다. 튀김옷은 바삭하고 야채는 촉촉해!
🥳 완전 겉바속촉이네!"
과몰입,"이런 뜻이에요 '과몰입'은 '몰입'보다 훨씬 더 심하게 빠지거나 파고드는 거예요.

'몰입'은 무언가에 깊이 빠지거나 파고드는 것을 뜻해요.
이렇게 쓰여요 😳 나 어제 드라마를 6시간이나 봤어...
🤔 그 정도면 드라마 과몰입 아닐까?"
과부하,"이런 뜻이에요 어떤 정도를 넘어서서 기계나 장치가 고장 날 수도 있는 위험한 상태를 뜻해요.

과부하가 되면 불이 날 수도 있으니 조심해야 해요. 기계나 장치가 아니라 사람이 하는 일도 과부하에 걸릴 수 있어요. 일이 너무 많으면 과부하에 걸려 일이 잘 안 될 수도 있답니다.
이렇게 쓰여요 😫 드라이기를 너무 오래 썼더니 타는 냄새가 나는 것 같아...
🤔 과부하가 걸린 것 아닐까? 이대로 두면 위험해!"
기간제,"이런 뜻이에요 어떤 기간 동안만 일하기로 약속했다는 뜻이에요.
이렇게 쓰여요 😤 다음 달부터 학교에서 기간제 교사로 일하게 됐어.
😮 그러면 일이 끝나는 시기도 정해져 있겠구나. 언제까지 일하기로 했어?"
기본템,"이런 뜻이에요 기본적인 물건(아이템)을 뜻해요.

옷을 어떤 스타일로 입든 활용하기 좋은 기본적인 티셔츠, 바지 등을 말해요.
이렇게 쓰여요 🥰  흰 반팔 티셔츠는 어디에나 잘 어울리는 최고의 기본템이지!"
기저 질환,"이런 뜻이에요 평소에 가지고 있는 병이에요.

'지병'이라고도 불러요. 기저 질환이 있으면 다른 병에 걸렸을 때 몸이 더 아프고, 다른 사람보다 낫기 힘들 수도 있어요.
이렇게 쓰여요 기저 질환이 있는 환자는 코로나19에 걸리지 않기 위해 더 조심해야 합니다."
단일화,"이런 뜻이에요 하나가 된다는 뜻이에요.

주로 선거에서 많이 쓰는 말이죠. 비슷한 목표를 가진 후보자들이 힘을 합치기 위해 단일화를 해요. 두 명의 후보자가 단일화를 하면, 둘 중 한 명만 후보자로 남고, 다른 한 명은 더 이상 후보자가 아니게 돼요.
이렇게 쓰여요 😲 들었어? 방금 김○○ 후보자랑 박○○ 후보자가 단일화를 했대!
🤔 정말? 그러면 둘 중에 후보자로 남은 사람은 누구야?"
루틴,"이런 뜻이에요 습관처럼 매일 반복해서 하는 일을 뜻해요.
이렇게 쓰여요 🧐 너의 아침 루틴은 뭐야?
😎 나는 아침마다 꼭 30분씩 달리기를 해."
성황리,"이런 뜻이에요 ‘사람들이 많이 모인 상태에서’라는 뜻이에요.

모임, 행사, 공연 등과 관련해 많이 쓰는 말이에요.
이렇게 쓰여요 · 올림픽 개막식이 성황리에 시작되었다.
: 올림픽 개막식이 사람이 많이 모인 상태에서 시작되었다.

· 콘서트가 성황리에 끝났다.
: 콘서트가 사람이 많이 모인 상태에서 끝났다."
손절,"이런 뜻이에요 한때 가까웠던 사람과 더 이상 가깝게 지내지 않는다는 뜻이에요.

관계를 끊어버리는 거죠.
이렇게 쓰여요 🥺 나를 계속 괴롭히던 그 친구랑 어제 손절했어.
😭 결국 그렇게 됐구나. 하지만 곧 더 좋은 친구가 생길 거야!"
쇼룸,"이런 뜻이에요 손님이 제품을 직접 보고 살 수 있도록 깔끔하게 꾸며놓은 장소예요.

다양한 제품을 구경할 수 있어요.
이렇게 쓰여요 · 자동차 쇼룸
· 패션 쇼룸
· 인테리어 쇼룸"
빈티지,"이런 뜻이에요 낡고 오래된 느낌이 나는 것을 뜻해요.

빈티지 옷, 빈티지 책상, 빈티지 시계 등 낡고 오래된 물건에 매력을 느끼는 사람들이 있어요.
이렇게 쓰여요 빈티지 가구로 방 분위기를 포근하게 만들어 보세요!"
스토킹,"이런 뜻이에요 어떤 사람을 오랫동안 쫓아다니면서 괴롭히는 범죄예요.

허락 없이 집 앞에 찾아오거나 따라다니고, 계속 전화를 걸거나 메시지를 보내서 상대방에게 피해를 주는 일을 말해요.
이렇게 쓰여요 스토킹한 사람은 ‘스토킹처벌법’으로 처벌받습니다."
스펙,"이런 뜻이에요 사람이나 제품이 가지고 있는 능력이나 기능을 말해요.

취업에 필요한 능력을 이야기할 때 스펙이라는 단어를 많이 사용해요.
이렇게 쓰여요 · 우체국에서 일하고 싶은데 어떤 스펙이 필요한가요?
· ○○ 카메라, 스펙 좋은가요?
· ○○ 스마트폰의 스펙을 소개합니다."
알고리즘,"이런 뜻이에요 사람이 원하는 결과를 컴퓨터가 자동으로 찾아내도록 만든 규칙이에요.

알고리즘을 통해 내가 좋아할 만한 콘텐츠를 추천받을 수 있어요. 예를 들어, 유튜브에 내가 보고 싶은 영상을 검색하면 컴퓨터가 내가 검색한 내용을 보고 내가 좋아할 만한 영상을 자동으로 추천해 줘요.
이렇게 쓰여요 😊 너 오늘 입은 옷 잘 어울린다!
🥰 쇼핑몰에서 알고리즘으로 추천해 준 거 샀는데 나도 마음에 들어!"
언박싱,"이런 뜻이에요 상자를 열어 상품을 꺼내는 일을 뜻해요.

물건을 소개하기 위해 포장을 뜯는 것부터 하나하나 물건을 자세하게 보여주는 영상을 언박싱 영상이라고 불러요.
이렇게 쓰여요 🤩 새로 주문한 핸드폰 도착했다! 언박싱 해봐야지~
🤗 너무 기대된다! 상자 내가 열어봐도 돼?"
완전체,"이런 뜻이에요 모든 것이 빠짐없이 채워진 상태를 뜻해요.

주로 아이돌 그룹의 모든 멤버가 함께 활동할 때, 완전체로 활동한다고 말해요. 어떤 멤버가 개인 앨범을 내서 활동하거나 군대에 가면, 한 그룹이지만 함께 활동하지 못하는 경우도 많거든요.
이렇게 쓰여요 소녀시대 완전체 컴백! "
요망,"이런 뜻이에요 어떤 일이 꼭 이루지기를 바란다는 뜻이에요.

평소 대화할 때는 잘 사용하지 않고, 주로 문서에 쓰이는 말이에요.
이렇게 쓰여요 · 연락 요망
· 주의 요망
· 대피 요망"
위탁 수하물,"이런 뜻이에요 잠깐 동안 맡겨둔 짐을 뜻해요.

'수하물'은 교통수단에 싣는 짐이에요. 비행기를 탈 때는 짐을 비행기의 짐칸에 맡겨둘 수도 있고, 직접 가지고 탈 수도 있어요. 비행기의 짐칸에 실어 맡겨둔 짐을 '위탁 수하물', 비행기에 직접 가지고 타는 수하물을 '기내 수하물'이라고 불러요.
이렇게 쓰여요 보조배터리는 위탁 수하물이므로 반입할 수 없습니다."
양성,"이런 뜻이에요 바이러스, 세균 등이 몸속에 있는지 검사한 결과를 나타낼 때 쓰는 말이에요.

양성이면 바이러스, 세균 등이 몸속에 있다는 뜻이에요.
이렇게 쓰여요 코로나19 검사를 받았는데 안타깝게도 결과는 양성이었다."
이바지,"이런 뜻이에요 어떤 일이 이뤄지도록 도움을 주었다는 뜻이에요.
이렇게 쓰여요 · 세계 평화에 이바지하다.
· 자연 환경 보호에 이바지하다."
이적,"이런 뜻이에요 원래 있던 팀이나 조직에서 다른 팀이나 조직으로 옮긴다는 뜻이에요.
이렇게 쓰여요 · 축구 선수가 새로운 축구팀으로 이적했다.
· 가수가 새로운 소속사로 이적했다."
일교차,"이런 뜻이에요 하루 동안 날씨가 변하는 정도를 뜻해요.

낮에는 추웠다가 밤에 따뜻해지거나, 낮에는 더웠는데 밤에 시원해지는 등 날씨가 심하게 변할 때 '일교차가 크다', '일교차가 심하다'라고 말해요.
이렇게 쓰여요 😯 반팔만 입고도 안 추워? 요즘 일교차가 커서 저녁에는 춥던데!"
장꾸,"이런 뜻이에요 장난이 심한 사람이라는 뜻의 단어 '장난꾸러기'를 줄여서 부르는 말이에요.
이렇게 쓰여요 😜 그 사람은 성격이 장꾸 같은 매력이 있어."
잠정,"이런 뜻이에요 우선 잠시 동안 정해 두는 것을 뜻해요.

확실하게 정한 것은 아니어서 나중에 바뀔 수도 있어요. 주로 '잠정적으로'라는 표현으로 사용해요.
이렇게 쓰여요 배우 ○○○ 님은 건강이 나빠져 잠정적으로 활동을 중단하게 되었습니다."
절찬리,"이런 뜻이에요 많은 사람에게 칭찬을 받는 중이라는 뜻이에요.

주로 '절찬리에'라는 표현으로 사용해요.
이렇게 쓰여요 · 새로 나온 스마트폰이 절찬리에 판매 중이다.
· 유명한 배우가 나온 드라마가 절찬리에 방송 중이다."
정기적금,"이런 뜻이에요 정해진 기간 동안 1개월마다 은행에 돈을 보내 맡겨두고, 정해진 기간이 끝나면 이자와 함께 맡겨둔 돈을 모두 돌려받는 것을 뜻해요.
이렇게 쓰여요 🤩 나 오늘 정기적금 끝나는 날이야. 돈 많이 모았으니까 내가 특별히 맛있는 거 살게!
😆 고마워. 적금 모으느라 고생 많았어!"
제재,"이런 뜻이에요 규칙을 어겼을 때 벌을 주기 위해서 어떤 일을 더 이상 할 수 없도록 만드는 거예요. 
이렇게 쓰여요 안 좋은 물건을 속여서 판 회사가 제재를 받아 더 이상 물건을 팔지 못하게 되었다."
지역화폐,"이런 뜻이에요 어떤 지역에서만 사용할 수 있는 돈이에요.

원하는 만큼 카드에 미리 현금을 충전해서 사용해요. 보통 전통 시장이나 작은 가게에서 쓸 수 있어요.
이렇게 쓰여요 · 경기지역화폐 : 경기도에서만 쓸 수 있는 돈.
· 부산지역화폐 : 부산에서만 쓸 수 있는 돈. '동백전'이라는 이름을 갖고 있다.
· 인천지역화폐 : 인천에서만 쓸 수 있는 돈. '인천e음'이라는 이름을 갖고 있다."
차주,"이런 뜻이에요 다음 주를 뜻하는 말이에요.

차주 목요일이면 다음 주 목요일을 뜻해요.
이렇게 쓰여요 이 자료는 차주까지 준비 부탁드립니다."
주관,"이런 뜻이에요 어떤 일을 책임지고 맡아서 관리한다는 뜻이에요.
이렇게 쓰여요 이번 행사는 보건복지부가 주관하는 행사다."
직캠,"이런 뜻이에요 카메라 등으로 직접 찍은 영상을 뜻해요.

보통 공연장을 직접 방문해 아이돌이나 연예인의 모습을 찍은 영상을 말해요.
이렇게 쓰여요 · 영화 시사회 직캠
· 아이돌 무대 인사 직캠"
지지율,"이런 뜻이에요 어떤 후보자를 얼마나 많은 사람이 응원하는지 나타낸 숫자예요.

선거에서 많이 쓰는 말이에요. 지지율이 높을수록 후보자를 응원하는 사람이 많다는 뜻이에요.
이렇게 쓰여요 3명의 후보자 중 지지율이 가장 높은 후보자가 대통령이 되었다."
쾌유,"이런 뜻이에요 깨끗하게 병이 낫는다는 뜻이에요.

보통 다른 사람의 병이나 상처가 빨리 낫길 바라는 마음을 전할 때 쓰죠.
이렇게 쓰여요 · 당신의 쾌유를 빕니다.
· 어머니가 하루 빨리 쾌유되시기를 바라요."
최애,"이런 뜻이에요 가장 사랑하는 것이나 사람을 뜻해요.

'최'고로 '애'정한다는 뜻이죠. 두 번째로 사랑하는 것이나 사람은 '차애'라고 불러요.
이렇게 쓰여요 · 내 최애 과자는 감자칩이야.
· 가수 중에 내 최애는 BTS지!"
체크인,"이런 뜻이에요 숙소에 들어가기 전에 손님의 정보를 확인하는 것이에요.

체크인을 해야 방에 들어갈 수 있어요. 숙소를 다 이용하고 나오는 것은 ‘체크아웃’이라고 불러요.
이렇게 쓰여요 · OO 호텔 체크인 도와드리겠습니다.
· 체크인 시간은 오후 6시입니다."
탈핵,"이런 뜻이에요 핵 무기를 더 이상 만들지 않게 된다는 거예요.

이미 만든 핵 무기도 더 이상 사용하지 말고 없애자는 거예요. '탈○○'은 ○○으로부터 벗어난다, ○○을 그만한다는 뜻이에요.
이렇게 쓰여요 북한이 핵 무기를 더 이상 만들지 않고 탈핵을 하겠다고 말했다."
피꺼솟,"이런 뜻이에요 피가 거꾸로 솟을 정도로 화가 날 때 쓰는 말이에요.
이렇게 쓰여요 😡 어제 동생이 내가 새로 산 옷을 몰래 입고 나갔는데 옷에 커피를 흘린 거 있지? 완전 피꺼솟...
😨 헉! 너무해... 동생이 옷 다시 사줘야 하는 거 아니야?"
성수기,"이런 뜻이에요 사람들이 어떤 물건이나 서비스 등을 많이 이용하는 때예요.

스키장은 겨울이 성수기인데, 겨울에 눈이 와서 사람들이 스키장에 많이 가기 때문이에요. 성수기는 다른 때보다 물건이나 서비스 등의 가격이 비싸요.
이렇게 쓰여요 🤗 겨울이다! 다음 주에 스키 타러 갈래?
🥶 좋지. 근데 성수기라서 너무 비싸지 않을까?"
비수기,"이런 뜻이에요 사람들이 어떤 물건이나 서비스 등을 적게 이용하는 때예요.

수영장은 여름이 성수기인데, 여름에는 더워서 사람들이 수영장에 많이 가기 때문이에요. 비수기는 다른 때보다 물건이나 서비스 등의 가격이 싸요.
이렇게 쓰여요 🤔 다음 달에 여행을 가는데 숙소가 너무 비쌀까 봐 걱정이야.
🤗 그래도 다음 달은 비수기여서 저렴하지 않을까?"
경선,"이런 뜻이에요 여러 후보자가 경쟁하는 선거를 뜻해요.
이렇게 쓰여요 · 시민들과 인사하는 경선 후보들
· ○○당, 경선 투표 예정.
· 이번 달 31일, 경선 마지막 TV 토론회가 열린다."
